t,dt_s,gyro_x,gyro_y,gyro_z,acc_x,acc_y,acc_z,rates.x,rates.y,rates.z,ratesTarget.x,ratesTarget.y,ratesTarget.z,attitude.x,attitude.y,attitude.z,attitudeTarget.x,attitudeTarget.y,attitudeTarget.z,thrustTarget,battery_v,rc_roll,rc_pitch,rc_yaw,rc_throttle,rc_mode,flight_mode,rc_age_s,armed,fault_mask,motor_rl,motor_rr,motor_fr,motor_fl,rate_i_x,rate_i_y,rate_i_z,mix_scale,control_source,accel_correction_confidence
683.144,0.001009,0.05078125,-0.0390625,0.00390625,-0.8671875,0.0625,7.484375,0.001953125,-0.00390625,0.00390625,0,0,0,0.002807617,-0.0006103516,-2.944458,0,0,-2.963501,0,3.731,0,0,0,0,nan,2,0.185,1,0,0.1000061,0.1000061,0.1000061,0.1000061,0,0,0,1,2,0
683.154,0.001021,-0.04296875,0.02929688,-0.01953125,1.515625,-0.9765625,11.09375,0.005859375,0,-0.009765625,0,0,0,0.002807617,-0.0006103516,-2.94458,0,0,-2.963501,0,3.731,0,0,0,0,nan,2,0.195,1,0,0.1000061,0.1000061,0.1000061,0.1000061,0,0,0,1,2,0
683.164,0.000965,0.04492188,-0.02929688,0.001953125,-0.84375,0.4453125,8.1875,0,-0.00390625,0,0,0,0,0.002807617,-0.0006103516,-2.94458,0,0,-2.963501,0,3.731,0,0,0,0,nan,2,0.003,1,0,0.1000061,0.1000061,0.1000061,0.1000061,0,0,0,1,2,0
683.174,0.001018,0.005859375,0,-0.005859375,0.390625,-2.007812,9.640625,0.01757812,-0.0078125,-0.005859375,0,0,0,0.002807617,-0.0007324219,-2.94458,0,0,-2.963501,0,3.731,0,0,0,0,nan,2,0.013,1,0,0.1000061,0.1000061,0.1000061,0.1000061,0,0,0,1,2,0.6349207
683.184,0.001037,-0.07421875,0.01953125,0.01953125,0.5078125,0.859375,10.91406,-0.02929688,0.005859375,0.009765625,0,0,0,0.002807617,-0.0007324219,-2.94458,0,0,-2.963501,0,3.731,0,0,0,0,nan,2,0.023,1,0,0.1000061,0.1000061,0.1000061,0.1000061,0,0,0,1,2,0
683.194,0.001009,0.1015625,-0.03320312,-0.03515625,-1.265625,-0.3359375,9.507812,0.0234375,-0.0078125,-0.01171875,0,0,0,0.002807617,-0.0007324219,-2.94458,0,0,-2.963501,0,3.731,0,0,0,0,nan,2,0.033,1,0,0.1000061,0.1000061,0.1000061,0.1000061,0,0,0,1,2,0.5714286
683.204,0.001009,-0.09765625,0.01171875,0.04492188,0.21875,-0.3046875,10.58594,-0.0078125,-0.00390625,0.009765625,0,0,0,0.002807617,-0.0007324219,-2.94458,0,0,-2.963501,0,3.731,0,0,0,0,nan,2,0.043,1,0,0.1000061,0.1000061,0.1000061,0.1000061,0,0,0,1,2,0
683.214,0.001009,0.08007812,0.001953125,-0.04492188,0.3203125,1.28125,9.59375,-0.00390625,0.005859375,-0.005859375,0,0,0,0.002807617,-0.0007324219,-2.94458,0,0,-2.963501,0,3.731,0,0,0,0,nan,2,0.053,1,0,0.1000061,0.1000061,0.1000061,0.1000061,0,0,0,1,2,0.6666667
683.223,0.001011,0.06054688,0.00390625,-0.009765625,-2.007812,-1.109375,9.820312,0.02539062,0.005859375,-0.01367188,0,0,0,0.002929688,-0.0007324219,-2.94458,0,0,-2.963501,0,3.731,0,0,0,0,nan,2,0.063,1,0,0.1000061,0.1000061,0.1000061,0.1000061,0,0,0,1,2,0.3968254
683.233,0.001011,-0.08789062,-0.01171875,0.02539062,1.757812,0.1875,8.820312,-0.015625,0,0.01171875,0,0,0,0.002929688,-0.0006103516,-2.94458,0,0,-2.963501,0,3.731,0,0,0,0,nan,2,0.073,1,0,0.1000061,0.1000061,0.1000061,0.1000061,0,0,0,1,2,0
683.244,0.001012,0.0859375,0.02539062,-0.0390625,-0.078125,0.703125,10.25,0.005859375,0.00390625,-0.009765625,0,0,0,0.002807617,-0.0006103516,-2.94458,0,0,-2.963501,0,3.731,0,0,0,0,nan,2,0.083,1,0,0.1000061,0.1000061,0.1000061,0.1000061,0,0,0,1,2,0.04761905
683.254,0.00102,-0.04882812,-0.03515625,0.0390625,-0.671875,-0.3515625,8.820312,0.00390625,0.001953125,0.00390625,0,0,0,0.002929688,-0.0006103516,-2.944702,0,0,-2.963501,0,3.731,0,0,0,0,nan,2,0.093,1,0,0.1000061,0.1000061,0.1000061,0.1000061,0,0,0,1,2,0
683.264,0.001007,0.05078125,0.05664062,-0.03710938,0.6171875,0.4921875,11.41406,0.0078125,0.009765625,-0.009765625,0,0,0,0.002807617,-0.0004882812,-2.944702,0,0,-2.963501,0,3.731,0,0,0,0,nan,2,0.006,1,0,0.1000061,0.1000061,0.1000061,0.1000061,0,0,0,1,2,0
683.274,0.001005,-0.015625,-0.04296875,0.01171875,-1.273438,0.0234375,7.96875,0.005859375,0.005859375,-0.001953125,0,0,0,0.002929688,-0.0004882812,-2.944702,0,0,-2.963501,0,3.731,0,0,0,0,nan,2,0.016,1,0,0.1000061,0.1000061,0.1000061,0.1000061,0,0,0,1,2,0
683.284,0.001011,0.009765625,0,0.0078125,2.054688,-0.3125,11.64062,0,-0.01367188,0.005859375,0,0,0,0.002929688,-0.0004882812,-2.944702,0,0,-2.963501,0,3.731,0,0,0,0,nan,2,0.026,1,0,0.1000061,0.1000061,0.1000061,0.1000061,0,0,0,1,2,0
683.294,0.001012,-0.009765625,0.03515625,-0.01171875,-2.25,0.25,9.726562,0,0.01367188,-0.001953125,0,0,0,0.002929688,-0.0004882812,-2.944702,0,0,-2.963501,0,3.731,0,0,0,0,nan,2,0.036,1,0,0.1000061,0.1000061,0.1000061,0.1000061,0,0,0,1,2,0.4126984
683.304,0.001012,0.02734375,-0.0390625,0.015625,1.28125,-0.03125,9.617188,0.005859375,-0.01367188,0.001953125,0,0,0,0.002929688,-0.0004882812,-2.944702,0,0,-2.963501,0,3.731,0,0,0,0,nan,2,0.046,1,0,0.1000061,0.1000061,0.1000061,0.1000061,0,0,0,1,2,0.5238096
683.314,0.001012,-0.02539062,0.05664062,0.01953125,-0.0625,0.375,11.8125,-0.00390625,0.009765625,0.01367188,0,0,0,0.002929688,-0.0004882812,-2.94458,0,0,-2.963501,0,3.731,0,0,0,0,nan,2,0.057,1,0,0.1000061,0.1000061,0.1000061,0.1000061,0,0,0,1,2,0
683.324,0.001012,0.02539062,-0.0390625,-0.046875,-0.390625,0.765625,7.578125,0,0.001953125,-0.01171875,0,0,0,0.002929688,-0.0004882812,-2.94458,0,0,-2.963501,0,3.731,0,0,0,0,nan,2,0.067,1,0,0.1000061,0.1000061,0.1000061,0.1000061,0,0,0,1,2,0
683.334,0.001009,0.03125,-0.03125,0.03515625,0.4140625,-1.046875,10.03906,0.01171875,-0.01367188,-0.00390625,0,0,0,0.002929688,-0.0004882812,-2.94458,0,0,-2.963501,0,3.731,0,0,0,0,nan,2,0.076,1,0,0.1000061,0.1000061,0.1000061,0.1000061,0,0,0,1,2,0.3333333
683.344,0.001009,-0.0390625,0.0390625,0.005859375,-0.140625,0.4140625,10.53906,-0.01171875,0.0078125,0.01757812,0,0,0,0.002929688,-0.0004882812,-2.94458,0,0,-2.963501,0,3.731,0,0,0,0,nan,2,0.086,1,0,0.1000061,0.1000061,0.1000061,0.1000061,0,0,0,1,2,0
683.354,0.001009,0.04882812,-0.02929688,-0.0546875,-0.671875,0.71875,8.648438,0.0078125,-0.001953125,-0.0234375,0,0,0,0.002929688,-0.0004882812,-2.94458,0,0,-2.963501,0,3.731,0,0,0,0,nan,2,0.096,1,0,0.1000061,0.1000061,0.1000061,0.1000061,0,0,0,1,2,0
683.364,0.00101,-0.03125,0.02539062,0.03125,0.6796875,0.0703125,10.53906,-0.005859375,0.001953125,0.009765625,0,0,0,0.002929688,-0.0004882812,-2.94458,0,0,-2.963501,0,3.731,0,0,0,0,nan,2,0.106,1,0,0.1000061,0.1000061,0.1000061,0.1000061,0,0,0,1,2,0
683.374,0.001009,0.05273438,-0.005859375,-0.08398438,-0.46875,1.296875,9.71875,0.01171875,0.009765625,-0.02539062,0,0,0,0.002929688,-0.0003662109,-2.94458,0,0,-2.963501,0,3.731,0,0,0,0,nan,2,0.116,1,0,0.1000061,0.1000061,0.1000061,0.1000061,0,0,0,1,2,0.9206349
683.384,0.001009,-0.04882812,-0.03125,0.09960938,-0.28125,0.0390625,9.9375,-0.0078125,-0.01171875,0.015625,0,0,0,0.002929688,-0.0003662109,-2.944702,0,0,-2.963501,0,3.731,0,0,0,0,nan,2,0.126,1,0,0.1000061,0.1000061,0.1000061,0.1000061,0,0,0,1,2,0.7142857
683.394,0.001007,0.05859375,0.04492188,-0.07421875,0.3828125,0.7265625,10.58594,0.00390625,0.009765625,-0.001953125,0,0,0,0.002929688,-0.0003662109,-2.94458,0,0,-2.963501,0,3.731,0,0,0,0,nan,2,0.136,1,0,0.1000061,0.1000061,0.1000061,0.1000061,0,0,0,1,2,0
683.404,0.001009,-0.05273438,-0.01953125,0.03125,-1.703125,0.4453125,9.40625,-0.005859375,0.00390625,-0.01171875,0,0,0,0.002929688,-0.0003662109,-2.944702,0,0,-2.963501,0,3.731,0,0,0,0,nan,2,0.146,1,0,0.1000061,0.1000061,0.1000061,0.1000061,0,0,0,1,2,0.4444444
683.414,0.001007,0.0390625,-0.015625,0.0234375,1.453125,0.078125,9.992188,-0.001953125,-0.01171875,0.01953125,0,0,0,0.002807617,-0.0003662109,-2.94458,0,0,-2.963501,0,3.731,0,0,0,0,nan,2,0.157,1,0,0.1000061,0.1000061,0.1000061,0.1000061,0,0,0,1,2,0.3650794
683.424,0.001009,-0.04492188,0.05273438,-0.06054688,-1.273438,0.1015625,11.125,0.005859375,0.01171875,-0.015625,0,0,0,0.002929688,-0.0003662109,-2.94458,0,0,-2.963501,0,3.731,0,0,0,0,nan,2,0.167,1,0,0.1000061,0.1000061,0.1000061,0.1000061,0,0,0,1,2,0
683.434,0.001011,-0.04882812,-0.05273438,0.03125,-0.125,0.171875,8.34375,-0.015625,-0.001953125,-0.00390625,0,0,0,0.002929688,-0.0003662109,-2.94458,0,0,-2.963501,0,3.731,0,0,0,0,nan,2,0.176,1,0,0.1000061,0.1000061,0.1000061,0.1000061,0,0,0,1,2,0
683.444,0.001035,0.06445312,0.005859375,0.0234375,0.3515625,-0.4765625,11.57031,0.01367188,-0.015625,0.015625,0,0,0,0.002929688,-0.0004882812,-2.94458,0,0,-2.963501,0,3.731,0,0,0,0,nan,2,0.186,1,0,0.1000061,0.1000061,0.1000061,0.1000061,0,0,0,1,2,0
683.454,0.001043,-0.06054688,0.02734375,-0.04492188,-1.320312,-0.015625,9.203125,-0.00390625,0.01953125,-0.009765625,0,0,0,0.002929688,-0.0004882812,-2.94458,0,0,-2.963501,0,3.731,0,0,0,0,nan,2,0.196,1,0,0.1000061,0.1000061,0.1000061,0.1000061,0,0,0,1,2,0
683.464,0.001041,0.06054688,-0.015625,0.0546875,0.8203125,-0.265625,10.9375,0.01757812,-0.01367188,0.0234375,0,0,0,0.002929688,-0.0004882812,-2.944458,0,0,-2.963501,0,3.731,0,0,0,0,nan,2,0.001,1,0,0.1000061,0.1000061,0.1000061,0.1000061,0,0,0,1,2,0
683.474,0.001051,-0.0390625,0.015625,-0.05273438,-0.7578125,0.2578125,9.101562,-0.0078125,0.009765625,-0.001953125,0,0,0,0.003051758,-0.0004882812,-2.944458,0,0,-2.963501,0,3.731,0,0,0,0,nan,2,0.011,1,0,0.1000061,0.1000061,0.1000061,0.1000061,0,0,0,1,2,0
683.484,0.00101,0.0234375,-0.01953125,0.02148438,1.6875,0.859375,10.08594,0.001953125,-0.00390625,-0.005859375,0,0,0,0.003051758,-0.0004882812,-2.944458,0,0,-2.963501,0,3.731,0,0,0,0,nan,2,0.021,1,0,0.1000061,0.1000061,0.1000061,0.1000061,0,0,0,1,2,0.06349207
683.494,0.000996,-0.001953125,0.009765625,0.03515625,-1.59375,-0.0390625,10.50781,0.00390625,0.001953125,0.02148438,0,0,0,0.003051758,-0.0004882812,-2.944336,0,0,-2.963501,0,3.731,0,0,0,0,nan,2,0.031,1,0,0.1000061,0.1000061,0.1000061,0.1000061,0,0,0,1,2,0
683.504,0.001029,0.005859375,-0.0078125,-0.07617188,1.226562,0.578125,8.242188,-0.001953125,0,-0.01953125,0,0,0,0.003051758,-0.0004882812,-2.944336,0,0,-2.963501,0,3.731,0,0,0,0,nan,2,0.041,1,0,0.1000061,0.1000061,0.1000061,0.1000061,0,0,0,1,2,0
683.514,0.001033,-0.02929688,0.00390625,0.09570312,-0.1875,-0.0390625,11.0625,-0.0078125,0,0.015625,0,0,0,0.003051758,-0.0004882812,-2.944336,0,0,-2.963501,0,3.731,0,0,0,0,nan,2,0.052,1,0,0.1000061,0.1000061,0.1000061,0.1000061,0,0,0,1,2,0
683.523,0.001009,0.01367188,-0.001953125,0.0078125,-0.8984375,-0.578125,9.523438,0,0.001953125,0.0234375,0,0,0,0.003051758,-0.0004882812,-2.944336,0,0,-2.963501,0,3.731,0,0,0,0,nan,2,0.061,1,0,0.1000061,0.1000061,0.1000061,0.1000061,0,0,0,1,2,0.4285714
683.534,0.000763,0.009765625,0.01367188,-0.06640625,0.9609375,-0.0546875,9.570312,0.02148438,0.005859375,-0.02929688,-0.01757812,0.001953125,0,0.003051758,-0.0004882812,-2.944336,0,0,-2.963501,0.1336975,3.731,0,0,0,0.09002686,nan,2,0.009,1,128,0.07843018,0.1871643,0.08685303,0.182312,0,0,0,1,2,0.5714286
683.544,0.000984,-0.07226562,-0.015625,0.07617188,-0.3203125,1.507812,10.83594,-0.03320312,0,0.015625,-0.01757812,0.001953125,0,0.003051758,-0.0004882812,-2.944336,0,0,-2.963501,0.1336975,3.727,0,0,0,0.09002686,nan,2,0.019,1,128,0.196106,0.07312012,0.1787109,0.08679199,0,0,0,1,2,0
683.554,0.001044,0.08984375,-0.001953125,-0.08398438,0.3203125,-0.3515625,9.796875,0.02734375,-0.00390625,-0.01171875,-0.01757812,0.001953125,0,0.003051758,-0.0004882812,-2.944214,0,0,-2.963501,0.1336975,3.727,0,0,0,0.09002686,nan,2,0.029,1,128,0.08575439,0.1833191,0.1024475,0.163208,0,0,0,1,2,0.984127
683.564,0.001023,-0.02734375,0.001953125,0.06835938,-0.046875,1.421875,9.445312,-0.03515625,0.005859375,0.02539062,-0.01757812,0.001953125,0,0.002929688,-0.0004882812,-2.944214,0,0,-2.963501,0.1421204,3.727,0,0,0,0.09997559,nan,2,0.002,1,128,0.20047,0.08163452,0.1907654,0.09555054,0,0,0,1,2,0.4761905
683.574,0.001041,0.04492188,0.001953125,-0.0625,-0.0703125,-1.257812,9.796875,0.03320312,-0.001953125,-0.009765625,-0.01757812,0.001953125,0,0.002929688,-0.0003662109,-2.944214,0,0,-2.963501,0.1421204,3.727,0,0,0,0.09997559,nan,2,0.012,1,128,0.09194946,0.194397,0.1097412,0.1723328,0,0,0,1,2,0.8253968
683.584,0.001007,-0.04882812,-0.0078125,0.06054688,0.1953125,1.234375,9.476562,-0.03515625,0.00390625,0.01953125,-0.01757812,0.001953125,0,0.002929688,-0.0003662109,-2.944092,0,0,-2.963501,0.1421204,3.727,0,0,0,0.09997559,nan,2,0.022,1,128,0.1869507,0.09646606,0.1733704,0.1116333,0,0,0,1,2,0.4920635
683.594,0.001024,0.07617188,0.005859375,-0.02734375,-0.3984375,-1.78125,10.14844,0.04492188,-0.001953125,0,-0.01757812,0.001953125,0,0.002929688,-0.0003662109,-2.944092,0,0,-2.963501,0.1421204,3.727,0,0,0,0.09997559,nan,2,0.032,1,128,0.1139221,0.1716003,0.1369324,0.1459961,0,0,0,1,2,0
683.604,0.001009,-0.06054688,0.005859375,0.015625,0.390625,2.25,9.296875,-0.03515625,0.01367188,0.005859375,-0.01757812,0.001953125,0,0.002929688,-0.0003662109,-2.94397,0,0,-2.963501,0.1421204,3.727,0,0,0,0.09997559,nan,2,0.042,1,128,0.1567688,0.122467,0.1434021,0.1457825,0,0,0,1,2,0.5238096
683.614,0.001009,0.02929688,0.001953125,0.0234375,-0.59375,-2.046875,9.664062,0.03710938,-0.0078125,0.01367188,-0.01757812,0.001953125,0,0.003051758,-0.0003662109,-2.94397,0,0,-2.963501,0.1421204,3.727,0,0,0,0.09997559,nan,2,0.052,1,128,0.1503906,0.1376648,0.1659241,0.1144104,0,0,0,1,2,0.7619048
683.623,0.001011,-0.1679688,0.0390625,-0.01171875,0.390625,1.226562,10.69531,-0.04882812,0.009765625,0.0078125,-0.01757812,0.001953125,0,0.002929688,-0.0003662109,-2.943848,0,0,-2.963501,0.1421204,3.727,0,0,0,0.09997559,nan,2,0.062,1,128,0.144043,0.134491,0.1257629,0.1641235,0,0,0,1,2,0
683.634,0.001009,0.1015625,-0.02148438,0.02929688,-0.75,-2.5,9.84375,0.04296875,-0.01171875,0.001953125,-0.01757812,0.001953125,0,0.003051758,-0.0003662109,-2.943848,0,0,-2.963501,0.1421204,3.727,0,0,0,0.09997559,nan,2,0.072,1,128,0.1367798,0.1542053,0.1548767,0.1225586,0,0,0,1,2,0.1746032
683.644,0.001039,-0.046875,0.01171875,-0.0390625,-0.2265625,2.539062,10.71094,-0.04296875,0.01171875,0.001953125,-0.01757812,0.001953125,0,0.002929688,-0.0003662109,-2.943726,0,0,-2.963501,0.1421204,3.727,0,0,0,0.09997559,nan,2,0.082,1,128,0.1330566,0.1456909,0.1195068,0.170166,0,0,0,1,2,0
683.654,0.001025,-0.03125,-0.00390625,0.046875,0.015625,-1.234375,8.460938,0.03320312,-0.009765625,0.01757812,-0.01757812,0.001953125,0,0.003051758,-0.0003662109,-2.943726,0,0,-2.963501,0.1505127,3.727,0,0,0,0.1099854,nan,2,0,1,128,0.1725464,0.1333313,0.1834106,0.1128235,0,0,0,1,2,0
683.664,0.000946,0.1816406,-0.03710938,0.04492188,-1.398438,-1.4375,10.76562,0.02734375,0,-0.005859375,-0.01757812,0.001953125,0,0.002929688,-0.0003662109,-2.943726,0,0,-2.963501,0.1505127,3.727,0,0,0,0.1099854,nan,2,0.01,1,128,0.1349792,0.1683044,0.156189,0.1426697,0,0,0,1,2,0
683.674,0.000992,-0.09960938,0.05273438,-0.0625,0.8125,1.539062,9.390625,-0.03320312,0.005859375,-0.005859375,-0.01757812,0.001953125,0,0.002929688,-0.0003662109,-2.943726,0,0,-2.963501,0.1505127,3.727,0,0,0,0.1099854,nan,2,0.02,1,128,0.1394348,0.1581116,0.1276245,0.1769409,0,0,0,1,2,0.3650794
683.684,0.00103,-0.001953125,-0.09960938,0.07617188,0.453125,-1.320312,8.585938,0.02734375,-0.01171875,0.01757812,-0.01757812,0.001953125,0,0.003051758,-0.0002441406,-2.943726,0,0,-2.963501,0.1589355,3.727,0,0,0,0.1199951,nan,2,0.006,1,128,0.1989746,0.1279907,0.2035828,0.1052246,0,0,0,1,2,0
683.694,0.001006,0.08398438,0.1230469,-0.0390625,-2.609375,0.953125,12.60938,-0.0078125,0.02734375,-0.0234375,-0.01757812,0.001953125,0,0.002929688,-0.0002441406,-2.943726,0,0,-2.963501,0.1589355,3.727,0,0,0,0.1199951,nan,2,0.016,1,128,0.1004944,0.2019348,0.1174622,0.2159119,0,0,0,1,2,0
683.704,0.001077,-0.0859375,-0.078125,-0.046875,3.4375,-0.2265625,7.515625,-0.01757812,-0.04101562,0.00390625,-0.01757812,0.001953125,0,0.003051758,-0.0003662109,-2.943726,0,0,-2.963501,0.1589355,3.727,0,0,0,0.1199951,nan,2,0.026,1,128,0.1747742,0.1636353,0.1473083,0.1500549,0,0,0,1,2,0
683.713,0.001026,0.02148438,0.109375,0.02929688,-3.34375,0.3828125,12.47656,0.00390625,0.04882812,-0.0078125,-0.01757812,0.001953125,0,0.003051758,-0.0002441406,-2.943726,0,0,-2.963501,0.1589355,3.727,0,0,0,0.1199951,nan,2,0.035,1,128,0.1272888,0.1651001,0.1566772,0.1867065,0,0,0,1,2,0
683.723,0.001016,-0.04101562,0.1464844,-0.06445312,-0.4375,0.921875,11.96094,-0.00390625,-0.02148438,-0.001953125,-0.01757812,0.001953125,0,0.003051758,-0.0003662109,-2.943604,0,0,-2.963501,0.1673584,3.727,0,0,0,0.1300049,nan,2,0,1,128,0.1513977,0.1891785,0.1454163,0.1834717,0,0,0,1,2,0
683.734,0.00101,0.1367188,-0.359375,0.06445312,5.148438,-1.046875,5.40625,0.02148438,-0.06054688,0.02734375,-0.01757812,0.001953125,0,0.003051758,-0.0003662109,-2.943604,0,0,-2.963501,0.1673584,3.727,0,0,0,0.1300049,nan,2,0.01,1,128,0.2276306,0.14328,0.2082214,0.09033203,0,0,0,1,2,0
683.744,0.000972,-0.1582031,0.1445312,0.05273438,-3.210938,-0.09375,10.375,-0.046875,0.08007812,0.01367188,-0.01757812,0.001953125,0,0.003051758,-0.0003662109,-2.943359,0,0,-2.963501,0.1673584,3.727,0,0,0,0.1300049,nan,2,0.02,1,128,0.1638794,0.1286011,0.180603,0.1963501,0,0,0,1,2,0
683.754,0.001009,-0.1757812,0.3710938,-0.00390625,-4.109375,-0.40625,13.375,0.0078125,0.01171875,0.03320312,-0.01757812,0.001953125,0,0.003051758,-0.0003662109,-2.943115,0,0,-2.963501,0.1673584,3.727,0,0,0,0.1300049,nan,2,0.03,1,128,0.1694641,0.1545105,0.1853027,0.1601868,0,0,0,1,2,0
683.764,0.001,0.0546875,0.08007812,-0.001953125,-0.9453125,0.8828125,11.34375,0.05859375,-0.06054688,0.04492188,-0.01757812,0.001953125,0,0.002929688,-0.0003662109,-2.942627,0,0,-2.963501,0.1673584,3.727,0,0,0,0.1300049,nan,2,0.04,1,128,0.1732788,0.1929626,0.1781311,0.1250916,0,0,0,1,2,0
683.774,0.000988,0.2070312,-0.4140625,0.08789062,4.835938,0.2734375,8.679688,0,-0.05664062,0.06054688,-0.01757812,0.001953125,0,0.002807617,-0.0002441406,-2.942139,0,0,-2.963501,0.1715698,3.727,0,0,0,0.1350098,nan,2,0.005,1,128,0.2339783,0.1471252,0.2041626,0.1010437,0,0,0,1,2,0.6031746
683.784,0.000984,-0.2480469,0.03320312,0.06640625,0.375,-1.265625,8.507812,-0.0625,0.05273438,0.04296875,-0.01757812,0.001953125,0,0.002807617,-0.0002441406,-2.94165,0,0,-2.963501,0.1715698,3.727,0,0,0,0.1350098,nan,2,0.015,1,128,0.183075,0.1357422,0.1769104,0.1905518,0,0,0,1,2,0
683.794,0.000995,-0.1191406,0.1328125,0.03515625,-1.34375,1.226562,6.390625,0.0234375,0.01757812,0.02539062,-0.01757812,0.001953125,0,0.002929688,-0.0002441406,-2.941284,0,0,-2.963501,0.1715698,3.727,0,0,0,0.1350098,nan,2,0.025,1,128,0.1540527,0.1793213,0.1761475,0.1767578,0,0,0,1,2,0
683.804,0.001013,0.2089844,0.02148438,-0.00390625,-0.203125,2.085938,10.11719,0.046875,-0.001953125,0.009765625,-0.01757812,0.001953125,0,0.002807617,-0.0002441406,-2.94104,0,0,-2.963501,0.1715698,3.727,0,0,0,0.1350098,nan,2,0.035,1,128,0.1331787,0.211853,0.1615601,0.179718,-0.0009765625,0,0,1,2,0
683.813,0.000998,-0.1074219,0.02148438,-0.0234375,-0.578125,-2.765625,13.58594,-0.04492188,0.00390625,0.001953125,-0.01757812,0.001953125,0,0.002807617,-0.0002441406,-2.94104,0,0,-2.963501,0.1715698,3.727,0,0,0,0.1350098,nan,2,0.044,1,128,0.1691895,0.1717529,0.1506348,0.1947327,-0.0009765625,0,0,1,2,0
683.824,0.001011,-0.1015625,0.1035156,-0.0390625,-2.101562,-2.296875,14.65625,-0.03515625,0.01171875,-0.01171875,-0.015625,0.001953125,0,0.002685547,-0.0002441406,-2.941162,0,0,-2.963501,0.1799927,3.727,0,0,0,0.1450195,nan,2,0.01,1,128,0.1712341,0.181488,0.1594849,0.2077942,-0.0009765625,0,0,1,2,0
683.833,0.001011,-0.01757812,-0.1738281,0.02734375,4.578125,0.8828125,2.125,0.01953125,-0.046875,-0.00390625,-0.01757812,0.001953125,0,0.002807617,-0.0002441406,-2.941162,0,0,-2.963501,0.1799927,3.727,0,0,0,0.1450195,nan,2,0.019,1,128,0.1955261,0.189209,0.1813965,0.1538696,-0.0009765625,0,0,1,2,0
683.844,0.000973,0.01953125,-0.2402344,-0.01171875,3.695312,1.632812,6.46875,0.009765625,-0.005859375,-0.02734375,-0.01757812,0.001953125,0,0.002807617,-0.0002441406,-2.941406,0,0,-2.963501,0.1799927,3.727,0,0,0,0.1450195,nan,2,0.029,1,128,0.1582947,0.2105713,0.1582947,0.1928406,-0.0009765625,0,0,1,2,0
683.854,0.001009,0.01367188,0.0234375,-0.04101562,-0.2421875,0.9921875,13.16406,-0.001953125,0.06054688,-0.03515625,-0.015625,0,0,0.002685547,-0.0001220703,-2.94165,0,0,-2.963501,0.1799927,3.727,0,0,0,0.1450195,nan,2,0.039,1,128,0.1393127,0.1915588,0.172699,0.2164307,-0.0009765625,0,0,1,2,0
683.864,0.001023,-0.03320312,-0.02929688,-0.03515625,1.28125,0.4921875,11.20312,-0.01757812,0.06054688,-0.03125,-0.015625,0.001953125,0,0.002685547,-0.0001220703,-2.942017,0,0,-2.963501,0.1799927,3.727,0,0,0,0.1450195,nan,2,0.049,1,128,0.1589661,0.1715393,0.1843872,0.2051086,-0.0009765625,0,0,1,2,0
683.874,0.001006,-0.1386719,0.375,-0.02148438,-5.804688,-2.648438,16.20312,-0.03125,0.09570312,-0.01953125,-0.015625,0.001953125,0,0.002685547,-0.0002441406,-2.942261,0,0,-2.963501,0.1842041,3.727,0,0,0,0.1500244,nan,2,0.007,1,128,0.1696167,0.1434021,0.2097473,0.2140808,-0.0009765625,0,0,1,2,0
683.884,0.00101,-0.2949219,0.546875,0.005859375,-9.6875,-2.71875,15.96094,-0.03125,0.06445312,0.00390625,-0.015625,0.001953125,0,0.002685547,-0.0003662109,-2.942383,0,0,-2.963501,0.1842041,3.727,0,0,0,0.1500244,nan,2,0.017,1,128,0.1941528,0.131897,0.2192078,0.1915894,-0.0009765625,0,0,1,2,0
683.894,0.001009,-0.1191406,0.3515625,0,-7.671875,0.015625,13.09375,0.01953125,-0.005859375,-0.00390625,-0.015625,0.001953125,0,0.002685547,-0.0004882812,-2.942383,0,0,-2.963501,0.1842041,3.727,0,0,0,0.1500244,nan,2,0.027,1,128,0.1790771,0.185791,0.1946106,0.1773682,-0.0009765625,0,0,1,2,0
683.904,0.001011,-0.03125,0.1054688,-0.01367188,-4.085938,3.03125,9.679688,0.02539062,-0.04101562,-0.015625,-0.015625,0.001953125,0,0.002563477,-0.0004882812,-2.942505,0,0,-2.963501,0.1842041,3.727,0,0,0,0.1500244,nan,2,0.037,1,128,0.1759033,0.211792,0.1737366,0.1753845,-0.0009765625,0,0,1,2,0
683.914,0.001055,0.0859375,-0.09960938,0.01953125,0.3046875,4.75,7.945312,0.05078125,-0.05859375,-0.00390625,-0.015625,0.001953125,0,0.002563477,-0.0003662109,-2.942749,0,0,-2.963501,0.1842041,3.727,0,0,0,0.1500244,nan,2,0.047,1,128,0.2127075,0.1881409,0.2114563,0.1245422,-0.0009765625,0,0,1,2,0
683.924,0.001006,0.2714844,-0.25,0.05664062,4.140625,0.828125,9.804688,0.03320312,-0.0078125,-0.00390625,-0.015625,0.001953125,0,0.002563477,-0.0002441406,-2.942871,0,0,-2.963501,0.1842041,3.727,0,0,0,0.1500244,nan,2,0.057,1,128,0.2011108,0.1776123,0.2114563,0.146637,-0.0009765625,0,0,1,2,0
683.934,0.000985,0.2304688,-0.1054688,0.04296875,1.703125,-0.546875,12.47656,0.02734375,0.01367188,-0.01367188,-0.015625,0.001953125,0,0.002807617,-0.0003662109,-2.942993,0,0,-2.963501,0.1884155,3.727,0,0,0,0.1550293,nan,2,0.001,1,128,0.1766968,0.1954041,0.1966858,0.184906,-0.0009765625,0,0,1,2,0
683.944,0.001027,0.1269531,0.08398438,0.0078125,-1.859375,-0.6875,13.02344,0.0234375,0.03515625,-0.05078125,-0.01757812,0.001953125,0,0.002929688,-0.0003662109,-2.943359,0,0,-2.963501,0.1884155,3.727,0,0,0,0.1550293,nan,2,0.011,1,128,0.1359863,0.2212524,0.1651611,0.2312927,-0.0009765625,0,0,1,2,0
683.954,0.001008,0.06054688,0.234375,-0.02539062,-4.484375,-0.3203125,14.39062,-0.001953125,0.05664062,-0.08984375,-0.01953125,0.00390625,0,0.003173828,-0.0004882812,-2.944092,0,0,-2.963501,0.1884155,3.727,0,0,0,0.1550293,nan,2,0.021,1,128,0.1044006,0.2371216,0.1357422,0.2763977,-0.0009765625,0,0,1,2,0
683.964,0.001036,0.015625,-0.02539062,-0.01953125,1.5,-2.695312,8.59375,0.001953125,0.04101562,-0.07617188,-0.01953125,0.001953125,0,0.003173828,-0.0003662109,-2.944946,0,0,-2.963501,0.192627,3.727,0,0,0,0.1599731,nan,2,0.001,1,128,0.1882935,0.1809998,0.2053528,0.1958923,-0.0009765625,0,0,1,2,0
683.974,0.001009,-0.06640625,-0.0234375,-0.05273438,1.640625,-4.898438,6.617188,-0.015625,0.03515625,-0.09179688,-0.01953125,0.001953125,0,0.003417969,-0.0003662109,-2.945923,0,0,-2.963501,0.192627,3.727,0,0,0,0.1599731,nan,2,0.011,1,128,0.1712646,0.1956177,0.1786804,0.2249756,-0.0009765625,0,0,1,2,0
683.984,0.000999,0.1386719,-0.0703125,-0.1269531,1.984375,-4.84375,5.09375,0.005859375,0.001953125,-0.109375,-0.02148438,0.001953125,0,0.003540039,-0.0003662109,-2.946899,0,0,-2.963501,0.192627,3.727,0,0,0,0.1599731,nan,2,0.021,1,128,0.1384888,0.2469482,0.1430664,0.2420349,-0.0009765625,0,0,1,2,0
683.994,0.001069,0.2714844,0,-0.171875,0.984375,-3.039062,5.914062,0.0234375,-0.0234375,-0.1230469,-0.02148438,0.001953125,0,0.003540039,-0.0003662109,-2.947998,0,0,-2.963501,0.192627,3.727,0,0,0,0.1599731,nan,2,0.031,1,128,0.114563,0.2848816,0.1183167,0.2527771,-0.0009765625,0,0,1,2,0
684.004,0.001009,0.1132812,0.1738281,-0.09570312,-3.984375,2.40625,11.76562,0.03515625,-0.0078125,-0.0703125,-0.02148438,0.001953125,0,0.003662109,-0.0003662109,-2.948853,0,0,-2.963501,0.192627,3.727,0,0,0,0.1599731,nan,2,0.041,1,128,0.1835327,0.2050171,0.201416,0.1805725,-0.0009765625,0,0,1,2,0
684.014,0.001003,-0.04492188,0.2363281,-0.07226562,-3.195312,4.21875,13.64844,0.02148438,-0.005859375,-0.0234375,-0.02148438,0.001953125,0,0.003540039,-0.0004882812,-2.949219,0,0,-2.963501,0.192627,3.727,0,0,0,0.1599731,nan,2,0.052,1,128,0.2069702,0.1766968,0.2221069,0.1647339,-0.0009765625,0,0,1,2,0
684.024,0.001036,0.009765625,-0.1347656,0.00390625,0.5,3.140625,9.226562,0.0234375,-0.03515625,-0.01953125,-0.02148438,0.001953125,0,0.00378418,-0.0003662109,-2.949463,0,0,-2.963501,0.1968384,3.727,0,0,0,0.164978,nan,2,0.005,1,128,0.2220154,0.1933289,0.2119751,0.1600647,-0.0009765625,0,0,1,2,0.8253968
684.034,0.00104,-0.05078125,-0.1386719,-0.06054688,1.742188,-0.203125,7.875,0.009765625,-0.02148438,-0.06054688,-0.02148438,0.001953125,0,0.00378418,-0.0003662109,-2.950073,0,0,-2.963501,0.1968384,3.727,0,0,0,0.164978,nan,2,0.015,1,128,0.177887,0.2281494,0.1722107,0.2091064,-0.0009765625,0,0,1,2,0
684.044,0.001027,0.03125,-0.1347656,-0.07617188,2.109375,-1.179688,8.820312,0,-0.01953125,-0.0859375,-0.02148438,0.001953125,0,0.003662109,-0.0003662109,-2.95105,0,0,-2.963501,0.1968384,3.727,0,0,0,0.164978,nan,2,0.025,1,128,0.1762695,0.2298889,0.1705933,0.2106323,-0.0009765625,0,0,1,2,0
684.054,0.001018,0.03125,0.04882812,-0.08398438,-2.335938,1.984375,11.10938,0.001953125,0.005859375,-0.1308594,-0.0234375,0.001953125,0,0.00378418,-0.0004882812,-2.952026,0,0,-2.963501,0.1968384,3.727,0,0,0,0.164978,nan,2,0.035,1,128,0.1100159,0.2804565,0.1173401,0.279541,-0.0009765625,0,0,1,2,0
684.064,0.001027,-0.1191406,-0.1933594,0.001953125,3.890625,-1.625,7.539062,-0.03515625,-0.01953125,-0.08984375,-0.02148438,0.001953125,0,0.003662109,-0.0004882812,-2.953369,0,0,-2.963501,0.2052612,3.727,0,0,0,0.1749878,nan,2,0,1,128,0.2723999,0.1503296,0.2494202,0.1489258,-0.0009765625,0,0,1,2,0
684.074,0.001054,0.1777344,-0.1699219,-0.0703125,5.132812,-2.140625,1.835938,0.01367188,-0.05273438,-0.1074219,-0.02148438,0.00390625,0,0.003662109,-0.0006103516,-2.954468,0,0,-2.963501,0.2052612,3.727,0,0,0,0.1749878,nan,2,0.01,1,128,0.183197,0.2532349,0.1720886,0.2125244,-0.0009765625,0,0,1,2,0
684.084,0.001024,0.0390625,0.04882812,0.001953125,-3.53125,3.148438,11.76562,0.04296875,-0.009765625,-0.08984375,-0.02148438,0.00390625,0,0.00378418,-0.0004882812,-2.955566,0,0,-2.963501,0.2052612,3.727,0,0,0,0.1749878,nan,2,0.02,1,128,0.1953125,0.2221375,0.2149963,0.1885986,-0.0009765625,0,0,1,2,0
684.094,0.001008,-0.1640625,0.03320312,-0.08007812,-1.15625,2.75,8.695312,-0.009765625,0.02148438,-0.1054688,-0.02148438,0.00390625,0,0.003662109,-0.0004882812,-2.956421,0,0,-2.963501,0.2052612,3.727,0,0,0,0.1749878,nan,2,0.03,1,128,0.1514587,0.246521,0.163208,0.2598572,-0.0009765625,0,0,1,2,0
684.104,0.001071,-0.02929688,-0.2792969,-0.0859375,5.078125,-2.835938,6.132812,-0.02148438,-0.02539062,-0.08007812,-0.02148438,0.00390625,0,0.003662109,-0.0006103516,-2.957153,0,0,-2.963501,0.2052612,3.727,0,0,0,0.1749878,nan,2,0.04,1,128,0.1799011,0.2458496,0.155304,0.2400208,-0.0009765625,0,0,1,2,0
684.114,0.000979,0.2089844,-0.02734375,-0.07421875,1.804688,0.703125,5.710938,0.0390625,0.0078125,-0.09179688,-0.02148438,0.00390625,0,0.00378418,-0.0004882812,-2.957886,0,0,-2.963501,0.2052612,3.727,0,0,0,0.1749878,nan,2,0.05,1,128,0.1314087,0.2778931,0.1594238,0.2523499,-0.0009765625,0,0,1,2,0
684.124,0.001046,0.0859375,0.08789062,-0.1308594,-1.5,-0.0390625,9.15625,0.01953125,0.02929688,-0.09960938,-0.0234375,0.00390625,0,0.00378418,-0.0004882812,-2.95874,0,0,-2.963501,0.2094727,3.727,0,0,0,0.1799927,nan,2,0.002,1,128,0.1437073,0.2598877,0.1753235,0.2589722,-0.0009765625,0,0,1,2,0
684.133,0.001011,-0.03515625,0.0859375,-0.2324219,-1.835938,-3.203125,11.50781,-0.005859375,0.02734375,-0.1328125,-0.0234375,0.00390625,0,0.00378418,-0.0004882812,-2.959961,0,0,-2.963501,0.2094727,3.727,0,0,0,0.1799927,nan,2,0.012,1,128,0.1361084,0.2715149,0.1464844,0.283783,-0.0009765625,0,0,1,2,0
684.144,0.001048,0.04296875,0.2246094,-0.1386719,-6.023438,-0.8203125,19.03906,0.0234375,0.02929688,-0.08789062,-0.0234375,0.00390625,0,0.00378418,-0.0004882812,-2.96106,0,0,-2.963501,0.2094727,3.727,0,0,0,0.1799927,nan,2,0.022,1,128,0.1783752,0.223175,0.2103271,0.2259827,-0.0009765625,0,0,1,2,0
684.154,0.001016,0.1523438,-0.1054688,-0.1796875,4.96875,-6.15625,4.21875,0.02539062,-0.001953125,-0.1191406,-0.0234375,0.00390625,0,0.00402832,-0.0006103516,-2.962158,0,0,-2.963501,0.2094727,3.727,0,0,0,0.1799927,nan,2,0.032,1,128,0.1523132,0.2659302,0.1656189,0.2540283,-0.0009765625,0,0,1,2,0
684.164,0.001051,0.05273438,0.3320312,-0.1308594,-6.726562,3.132812,18.91406,0.02148438,0.05664062,-0.08984375,-0.02539062,0.00390625,0,0.004150391,-0.0006103516,-2.963135,0,0,-2.963501,0.2178955,3.727,0,0,0,0.1900024,nan,2,0.001,1,128,0.1699524,0.2321167,0.2173157,0.2522278,-0.0009765625,0,0,1,2,0
684.174,0.001001,-0.1035156,0.09765625,-0.1132812,0.7421875,-4.742188,11.86719,-0.015625,0.07617188,-0.046875,-0.02539062,0.00390625,0,0.004150391,-0.0006103516,-2.963623,0,0,-2.963501,0.2178955,3.727,0,0,0,0.1900024,nan,2,0.011,1,128,0.2023315,0.1941833,0.2382812,0.2367859,-0.0009765625,0,0,1,2,0
684.184,0.00101,0.1777344,-0.001953125,-0.1230469,0.7890625,-6.34375,9.171875,0,-0.02929688,-0.0703125,-0.02539062,0.00390625,0,0.004272461,-0.0007324219,-2.964111,0,0,-2.963501,0.2178955,3.727,0,0,0,0.1900024,nan,2,0.021,1,128,0.1598511,0.2868652,0.1541748,0.2706604,-0.0009765625,0,0,1,2,0
684.194,0.000983,0.0390625,0.2832031,-0.1621094,-5.335938,-0.7578125,15.60156,0.02734375,0.07421875,-0.109375,-0.02539062,0.00390625,0,0.004394531,-0.0007324219,-2.96521,0,0,-2.963501,0.2178955,3.576,0,0,0,0.1900024,nan,2,0.031,1,128,0.1324158,0.2640381,0.1879883,0.2871399,-0.0009765625,0,0,1,2,0
684.204,0.001009,-0.0546875,0.1015625,-0.1230469,-2.195312,-4.148438,15.79688,-0.02734375,0.046875,-0.06640625,-0.02734375,0.00390625,0,0.004394531,-0.0006103516,-2.965942,0,0,-2.963501,0.2178955,3.576,0,0,0,0.1900024,nan,2,0.041,1,128,0.2054138,0.2117004,0.215271,0.2391968,-0.0009765625,0,0,1,2,0
684.214,0.001026,0.0234375,0.04101562,-0.125,-1.96875,-1.3125,10.70312,-0.001953125,0.009765625,-0.1171875,-0.02539062,0.00390625,0,0.004272461,-0.0007324219,-2.966797,0,0,-2.963501,0.2178955,3.576,0,0,0,0.1900024,nan,2,0.052,1,128,0.1229553,0.3014526,0.1429443,0.3041992,-0.001953125,0,0,1,2,0
684.224,0.00104,-0.06445312,0.125,-0.09765625,0.6171875,-6.398438,9.867188,-0.03710938,0.0078125,-0.09570312,-0.02539062,0.005859375,0,0.004150391,-0.0009765625,-2.967896,0,0,-2.963501,0.2178955,3.576,0,0,0,0.1900024,nan,2,0.002,1,128,0.2218323,0.2051697,0.2216797,0.2229004,-0.001953125,0,0,1,2,0
684.233,0.000972,0.02734375,0.375,-0.1230469,-8.164062,0.7109375,15.85938,0.001953125,0.02148438,-0.1132812,-0.0234375,0.005859375,0,0.00390625,-0.0009765625,-2.968994,0,0,-2.963501,0.2178955,3.576,0,0,0,0.1900024,nan,2,0.012,1,128,0.1672974,0.2513733,0.1988525,0.2540588,-0.001953125,0,0,1,2,0
684.244,0.000977,-0.1269531,0.1523438,-0.09375,-0.796875,-6.203125,12.83594,-0.046875,0.03320312,-0.07226562,-0.02148438,0.005859375,0,0.00378418,-0.0009765625,-2.969849,0,0,-2.963501,0.2178955,3.576,0,0,0,0.1900024,nan,2,0.022,1,128,0.213562,0.2040405,0.2192993,0.2346802,-0.001953125,0,0,1,2,0
684.254,0.001066,0.0703125,0.3242188,-0.1171875,-7.59375,4.25,18.46875,-0.02148438,0.02539062,-0.1035156,-0.02148438,0.005859375,0,0.003540039,-0.0009765625,-2.970947,0,0,-2.963501,0.2178955,3.576,0,0,0,0.1900024,nan,2,0.032,1,128,0.1758423,0.2449951,0.1942749,0.2564392,-0.001953125,0,0,1,2,0
684.264,0.001031,-0.0234375,-0.2226562,-0.07226562,6.546875,-7.132812,5.59375,-0.0390625,0.01953125,-0.02734375,-0.01953125,0.0078125,0,0.003173828,-0.001220703,-2.971313,0,0,-2.963501,0.2178955,3.576,0,0,0,0.1900024,nan,2,0.042,1,128,0.2271423,0.1983948,0.2329407,0.2130737,-0.001953125,0,0,1,2,0
684.274,0.001015,0.1113281,0.0078125,-0.08398438,-1.265625,3.882812,7.585938,0.03710938,-0.009765625,-0.06445312,-0.01953125,0.0078125,0,0.003295898,-0.001464844,-2.97168,0,0,-2.963501,0.2305298,3.576,0,0,0,0.2050171,nan,2,0.009,1,128,0.1519165,0.3065796,0.1794434,0.2841492,-0.001953125,0,0,1,2,0
684.284,0.001001,-0.08789062,-0.1953125,-0.1269531,4.101562,-0.3125,7.195312,-0.015625,0.015625,-0.08984375,-0.01953125,0.0078125,0,0.003295898,-0.001464844,-2.972534,0,0,-2.963501,0.2305298,3.576,0,0,0,0.2050171,nan,2,0.019,1,128,0.1749878,0.28302,0.1741028,0.289978,-0.001953125,0,0,1,2,0
684.294,0.001043,-0.005859375,-0.3085938,0.009765625,5.296875,5.484375,3.445312,-0.001953125,-0.02929688,-0.05078125,-0.01953125,0.0078125,0,0.003295898,-0.001342773,-2.973145,0,0,-2.963501,0.2305298,3.576,0,0,0,0.2050171,nan,2,0.029,1,128,0.2514954,0.2328186,0.2337036,0.2041016,-0.001953125,0,0,1,2,0
684.304,0.001057,-0.05664062,-0.203125,-0.1367188,5.445312,3.367188,10.89062,0.001953125,-0.0546875,-0.09570312,-0.02148438,0.009765625,0,0.003417969,-0.001586914,-2.973999,0,0,-2.963501,0.2305298,3.576,0,0,0,0.2050171,nan,2,0.039,1,128,0.1746216,0.3120728,0.1483459,0.2870178,-0.001953125,0,0,1,2,0
684.314,0.001006,-0.15625,-0.1757812,-0.05859375,2.351562,7.375,5.601562,-0.03515625,-0.03320312,-0.09179688,-0.02148438,0.009765625,0,0.003417969,-0.001586914,-2.974854,0,0,-2.963501,0.2305298,3.576,0,0,0,0.2050171,nan,2,0.049,1,128,0.2207031,0.2584839,0.1913757,0.2515564,-0.001953125,0,0,1,2,0.3809524
684.324,0.001004,-0.01757812,-0.5976562,-0.009765625,11.44531,-1.890625,2.054688,-0.009765625,-0.06835938,-0.05078125,-0.02148438,0.009765625,0,0.003540039,-0.001586914,-2.975586,0,0,-2.963501,0.2389526,3.576,0,0,0,0.2150269,nan,2,0.006,1,128,0.3009949,0.2175598,0.2612,0.1760254,-0.001953125,0,0,1,2,0
684.333,0.00101,-0.1621094,-0.02148438,-0.1171875,-1.773438,8.570312,9.835938,-0.00390625,-0.02148438,-0.07226562,-0.02148438,0.009765625,0,0.003540039,-0.001586914,-2.976074,0,0,-2.963501,0.2389526,3.576,0,0,0,0.2150269,nan,2,0.016,1,128,0.1822815,0.3104248,0.1688232,0.294281,-0.001953125,0,0,1,2,0
684.344,0.001052,-0.02929688,-0.3457031,-0.1074219,6.414062,2.304688,7.164062,-0.00390625,-0.06640625,-0.1113281,-0.02148438,0.009765625,0,0.003540039,-0.001586914,-2.977173,0,0,-2.963501,0.2389526,3.576,0,0,0,0.2150269,nan,2,0.026,1,128,0.2082825,0.3096313,0.1697083,0.2681885,-0.001953125,0,0,1,2,0.6666667
684.354,0.001025,0.08984375,0.3730469,-0.109375,-6.53125,-1.578125,16.35938,0.01757812,0.1015625,-0.07226562,-0.02148438,0.0078125,0,0.003662109,-0.001464844,-2.978027,0,0,-2.963501,0.2389526,3.576,0,0,0,0.2150269,nan,2,0.036,1,128,0.2064514,0.224823,0.2654114,0.2590942,-0.001953125,0,0,1,2,0
684.364,0.00101,0.08203125,0.1464844,-0.06445312,-2.4375,-6.195312,8.382812,0.0234375,0.03125,-0.1230469,-0.0234375,0.0078125,0,0.00378418,-0.001342773,-2.979126,0,0,-2.963501,0.2431641,3.576,0,0,0,0.2199707,nan,2,0,1,128,0.1577759,0.3154602,0.1837158,0.3156738,-0.001953125,0,0,1,2,0
684.374,0.000997,-0.0390625,-0.06835938,-0.1210938,0.671875,-5.367188,12.03125,-0.005859375,0.03125,-0.1113281,-0.0234375,0.0078125,0,0.00378418,-0.001342773,-2.980347,0,0,-2.963501,0.2431641,3.576,0,0,0,0.2199707,nan,2,0.01,1,128,0.2115479,0.2625427,0.2269287,0.2716064,-0.001953125,0,0,1,2,0
684.384,0.001014,-0.04882812,-0.3144531,0,7.546875,3.453125,2.351562,-0.00390625,-0.03710938,-0.05273438,-0.0234375,0.0078125,0,0.00378418,-0.001220703,-2.981079,0,0,-2.963501,0.2431641,3.576,0,0,0,0.2199707,nan,2,0.02,1,128,0.2904663,0.2214966,0.2668152,0.1938477,-0.001953125,0,0,1,2,0
684.394,0.00099,-0.06054688,-0.0859375,-0.1386719,0.5390625,5.109375,14.42969,0.005859375,-0.03125,-0.09765625,-0.0234375,0.0078125,0,0.00378418,-0.001342773,-2.981812,0,0,-2.963501,0.2431641,3.576,0,0,0,0.2199707,nan,2,0.03,1,128,0.1759949,0.3268127,0.1671753,0.3026428,-0.001953125,0,0,1,2,0
684.404,0.001039,-0.07617188,-0.2871094,-0.02734375,8.546875,2.40625,5.992188,-0.015625,-0.02929688,-0.0546875,-0.02148438,0.0078125,0,0.003662109,-0.001220703,-2.982666,0,0,-2.963501,0.2431641,3.576,0,0,0,0.2199707,nan,2,0.04,1,128,0.2924805,0.2168274,0.2702332,0.1930542,-0.001953125,0,0,1,2,0
684.414,0.001044,-0.05078125,0.4179688,-0.05859375,-9.75,5.984375,12.33594,-0.02539062,0.03515625,-0.02148438,-0.02148438,0.0078125,0,0.003540039,-0.001342773,-2.983032,0,0,-2.963501,0.2431641,3.576,0,0,0,0.2199707,nan,2,0.051,1,128,0.249054,0.2203064,0.2626038,0.2406921,-0.001953125,0,0,1,2,0
684.423,0.001006,-0.140625,0.09960938,-0.1308594,-2.21875,2.023438,12.17969,-0.02734375,0.02148438,-0.03515625,-0.02148438,0.0078125,0,0.003540039,-0.001220703,-2.983154,0,0,-2.963501,0.2515869,3.576,0,0,0,0.2299805,nan,2,0,1,128,0.2021484,0.2945557,0.1983643,0.3112183,-0.001953125,0,0,1,2,0
684.434,0.001071,0.01953125,0.1953125,-0.009765625,-5.054688,-3.65625,7.367188,0.009765625,0.01953125,-0.03515625,-0.02148438,0.005859375,0,0.003662109,-0.001098633,-2.983398,0,0,-2.963501,0.2515869,3.576,0,0,0,0.2299805,nan,2,0.01,1,128,0.2176208,0.2762756,0.2345581,0.2778625,-0.001953125,0,0,1,2,0.5238096
684.444,0.001034,0.08007812,-0.09765625,-0.1054688,0.9609375,-0.6875,13.03906,0.0078125,0.02929688,-0.09960938,-0.02148438,0.005859375,0,0.003662109,-0.001098633,-2.984131,0,0,-2.963501,0.2515869,3.576,0,0,0,0.2299805,nan,2,0.02,1,128,0.1560059,0.3361206,0.1795959,0.3345947,-0.001953125,0,0,1,2,0
684.454,0.001009,0.07617188,-0.06640625,-0.1230469,2.414062,2.617188,11.96875,0.01953125,-0.0390625,-0.0546875,-0.02148438,0.005859375,0,0.003662109,-0.001098633,-2.984985,0,0,-2.963501,0.2515869,3.576,0,0,0,0.2299805,nan,2,0.03,1,128,0.272583,0.2519836,0.2686768,0.2130737,-0.001953125,0,0,1,2,0
684.464,0.00101,0.01367188,0.234375,-0.09570312,-3.960938,1.117188,8.40625,-0.03125,0.06054688,-0.09179688,-0.02148438,0.005859375,0,0.003540039,-0.001098633,-2.985596,0,0,-2.963501,0.2515869,3.576,0,0,0,0.2299805,nan,2,0.04,1,128,0.15979,0.3118286,0.1858215,0.348877,-0.001953125,0,0,1,2,0.04761905
684.474,0.001006,0.0625,0.09570312,-0.07421875,-3.445312,-3.835938,12.60938,0.03320312,0.015625,-0.1113281,-0.02148438,0.005859375,0,0.003662109,-0.001098633,-2.986694,0,0,-2.963501,0.2600098,3.576,0,0,0,0.2399902,nan,2,0.005,1,128,0.2030029,0.3126831,0.2319641,0.2923279,-0.001953125,0,0,1,2,0
684.484,0.001007,0.0390625,-0.4472656,0.08007812,8.257812,-3.71875,5.226562,-0.005859375,-0.04296875,-0.015625,-0.02148438,0.005859375,0,0.003662109,-0.0009765625,-2.987305,0,0,-2.963501,0.2600098,3.576,0,0,0,0.2399902,nan,2,0.015,1,128,0.3724976,0.1763,0.3499146,0.1413269,-0.001953125,0,0,1,2,0
684.494,0.001007,0.001953125,0.28125,-0.1191406,-6.25,9.710938,17.22656,0.04296875,0.015625,-0.05664062,-0.02148438,0.005859375,0,0.003662109,-0.0009765625,-2.987671,0,0,-2.963501,0.2600098,3.576,0,0,0,0.2399902,nan,2,0.025,1,128,0.1947021,0.3147583,0.2315369,0.2990417,-0.001953125,0,0,1,2,0
684.504,0.001004,-0.05078125,-0.1425781,-0.01171875,2.015625,-4.734375,6.257812,-0.02929688,-0.02929688,-0.01757812,-0.02148438,0.005859375,0,0.003540039,-0.0008544922,-2.988159,0,0,-2.963501,0.2600098,3.576,0,0,0,0.2399902,nan,2,0.035,1,128,0.3071289,0.239502,0.2756042,0.2177734,-0.001953125,0,0,1,2,0
684.513,0.001075,0.0234375,0.2285156,-0.1152344,-5.6875,3.25,10.88281,-0.01171875,0.03710938,-0.05859375,-0.01953125,0.00390625,0,0.003417969,-0.0007324219,-2.988281,0,0,-2.963501,0.2600098,3.576,0,0,0,0.2399902,nan,2,0.044,1,128,0.1610718,0.3417358,0.1859741,0.3512573,-0.001953125,0,0,1,2,0
684.524,0.001046,0.04882812,0.04492188,0.09960938,-0.453125,-0.5390625,8.164062,0.015625,-0.01757812,0,-0.01953125,0.005859375,0,0.003295898,-0.0008544922,-2.988892,0,0,-2.963501,0.2600098,3.576,0,0,0,0.2399902,nan,2,0.056,1,128,0.3461914,0.1841125,0.3526306,0.1570435,-0.001953125,0,0,1,2,0
684.533,0.001019,-0.009765625,0.0234375,-0.1210938,0.5625,-1.117188,13.08594,0.00390625,-0.01757812,-0.01953125,-0.01953125,0.005859375,0,0.003417969,-0.0008544922,-2.988892,0,0,-2.963501,0.2600098,3.576,0,0,0,0.2399902,nan,2,0.065,1,128,0.2424011,0.2870483,0.2409668,0.2695923,-0.001953125,0,0,1,2,0
684.544,0.000982,0.005859375,-0.0625,-0.1542969,1.53125,-0.3828125,4.820312,0.015625,0.03125,-0.1230469,-0.02148438,0.00390625,0,0.003417969,-0.0007324219,-2.989624,0,0,-2.963501,0.2684326,3.576,0,0,0,0.25,nan,2,0.006,1,128,0.1149597,0.4098816,0.1384583,0.4104004,-0.001953125,0,0,1,2,0
684.554,0.001038,-0.02929688,0.2558594,0.08398438,-3.671875,1.46875,14.95312,0.00390625,0.04296875,-0.015625,-0.02148438,0.00390625,0,0.003417969,-0.0008544922,-2.990601,0,0,-2.963501,0.2684326,3.576,0,0,0,0.25,nan,2,0.016,1,128,0.374939,0.1415405,0.4038086,0.1533813,-0.001953125,0,0,1,2,0
684.564,0.001009,0.1113281,0.171875,-0.1269531,-1.765625,0.3203125,12.64062,0.01367188,-0.04492188,-0.046875,-0.02148438,0.005859375,0,0.003417969,-0.0008544922,-2.990723,0,0,-2.963501,0.2684326,3.576,0,0,0,0.25,nan,2,0.026,1,128,0.2080994,0.3473816,0.2051697,0.3130188,-0.001953125,0,0,1,2,0
684.574,0.000979,-0.06054688,-0.4257812,0.140625,7.976562,-1.476562,4.835938,0.015625,-0.03320312,0.0390625,-0.02148438,0.00390625,0,0.003540039,-0.0008544922,-2.990845,0,0,-2.963501,0.272644,3.576,0,0,0,0.2550049,nan,2,0.007,1,128,0.3910522,0.1789246,0.3781433,0.1423645,-0.001953125,0,0,1,2,0.1904762
684.584,0.001007,-0.1152344,0.3359375,-0.009765625,-7.203125,-1.054688,16.96875,-0.02148438,0.03515625,0.05859375,-0.02148438,0.00390625,0,0.003662109,-0.0006103516,-2.990112,0,0,-2.963501,0.272644,3.576,0,0,0,0.2550049,nan,2,0.017,1,128,0.2807617,0.2478333,0.2868958,0.2750244,-0.001953125,0,0,1,2,0
684.594,0.000994,0.2070312,-0.3125,0.03320312,9.03125,2.398438,2.695312,0.03515625,-0.08398438,-0.01757812,-0.02148438,0.00390625,0,0.003662109,-0.0007324219,-2.990112,0,0,-2.963501,0.272644,3.576,0,0,0,0.2550049,nan,2,0.027,1,128,0.2271118,0.3609314,0.2111206,0.2913818,-0.001953125,0,0,1,2,0.4444444
684.604,0.001007,0.0078125,0.2324219,-0.1621094,-5.945312,-2.640625,16.42969,0.01367188,0.04101562,-0.09570312,-0.0234375,0.00390625,0,0.00390625,-0.0007324219,-2.990601,0,0,-2.963501,0.272644,3.576,0,0,0,0.2550049,nan,2,0.037,1,128,0.1398621,0.383728,0.1684875,0.398468,-0.001953125,0,0,1,2,0
684.614,0.00101,-0.009765625,-0.1757812,-0.05078125,8.1875,-2.453125,4.742188,-0.0078125,0.01171875,-0.0703125,-0.0234375,0.00390625,0,0.00390625,-0.0006103516,-2.991577,0,0,-2.963501,0.272644,3.576,0,0,0,0.2550049,nan,2,0.047,1,128,0.2862549,0.2584534,0.2886658,0.2571716,-0.001953125,0,0,1,2,0.8095238
684.623,0.001013,-0.02929688,-0.2558594,-0.09765625,3.070312,9.789062,9.070312,-0.009765625,-0.0390625,-0.06640625,-0.0234375,0.00390625,0,0.00378418,-0.0007324219,-2.992065,0,0,-2.963501,0.2810669,3.576,0,0,0,0.2650146,nan,2,0.004,1,128,0.2578125,0.3285828,0.2356873,0.302124,-0.001953125,0,0,1,2,0
684.634,0.001026,-0.01757812,0.09179688,-0.02929688,-1.039062,-10.26562,7.875,0.0078125,-0.03125,-0.04492188,-0.0234375,0.005859375,0,0.00390625,-0.0008544922,-2.992676,0,0,-2.963501,0.2810669,3.576,0,0,0,0.2650146,nan,2,0.014,1,128,0.2981567,0.2724609,0.2981873,0.2554321,-0.001953125,0,0,1,2,0
684.644,0.00101,-0.05273438,-0.03515625,-0.05078125,7.226562,4.375,12.92969,-0.0390625,0.04296875,-0.03125,-0.0234375,0.00390625,0,0.00390625,-0.0007324219,-2.99292,0,0,-2.963501,0.2810669,3.576,0,0,0,0.2650146,nan,2,0.024,1,128,0.2609558,0.2805481,0.2694397,0.3132935,-0.001953125,0,0,1,2,0
684.654,0.00101,0.06640625,0.3613281,-0.04492188,-9.03125,-4.96875,16.17188,0.03320312,0.09570312,-0.01757812,-0.0234375,0.001953125,0,0.00390625,-0.0003662109,-2.993164,0,0,-2.963501,0.2810669,3.576,0,0,0,0.2650146,nan,2,0.034,1,128,0.2539978,0.2719116,0.3172302,0.2810669,-0.001953125,0,0.0009765625,1,2,0
684.664,0.001021,0.1503906,-0.08007812,0,2.382812,8.757812,10.25,0.015625,-0.04882812,-0.05078125,-0.0234375,0.001953125,0,0.00378418,-0.0003662109,-2.993652,0,0,-2.963501,0.2810669,3.576,0,0,0,0.2650146,nan,2,0.044,1,128,0.2700195,0.3228149,0.2616882,0.2697144,-0.001953125,0,0.0009765625,1,2,0
684.674,0.001043,-0.03710938,0.25,-0.0078125,-2.5,-12.19531,8.3125,-0.03710938,0.02148438,-0.01367188,-0.0234375,0.001953125,0,0.00390625,-0.0003662109,-2.993896,0,0,-2.963501,0.2894592,3.576,0,0,0,0.2750244,nan,2,0.004,1,128,0.2923584,0.272644,0.2926636,0.3002014,-0.001953125,0,0.0009765625,1,2,0
684.684,0.001013,0.01171875,-0.1953125,-0.078125,4.96875,5.984375,13.50781,0.02929688,0.009765625,-0.03320312,-0.02539062,0.001953125,0,0.004150391,-0.0003662109,-2.994141,0,0,-2.963501,0.2894592,3.576,0,0,0,0.2750244,nan,2,0.014,1,128,0.2622681,0.3152466,0.2749329,0.3054504,-0.002929688,0,0.0009765625,1,2,0
684.694,0.000997,0.08007812,0.2460938,-0.0625,-4.625,-5.992188,10.05469,0.04296875,-0.001953125,-0.06054688,-0.02539062,0.001953125,0,0.004150391,-0.0004882812,-2.994629,0,0,-2.963501,0.2894592,3.576,0,0,0,0.2750244,nan,2,0.024,1,128,0.2300415,0.34021,0.2686768,0.3189697,-0.002929688,0,0.0009765625,1,2,0
684.704,0.001012,-0.04296875,-0.1894531,0.08398438,3.414062,4.078125,7.882812,0.02734375,-0.02539062,-0.01171875,-0.02539062,0.001953125,0,0.004272461,-0.0002441406,-2.995239,0,0,-2.963501,0.2894592,3.576,0,0,0,0.2750244,nan,2,0.034,1,128,0.3710327,0.2272339,0.368042,0.1915588,-0.002929688,0,0.0009765625,1,2,0.3809524
684.714,0.001021,-0.07421875,0.2246094,-0.05859375,-8.867188,-1.890625,11.8125,-0.001953125,0.01953125,0,-0.02539062,0.001953125,0,0.004272461,-0.0003662109,-2.994995,0,0,-2.963501,0.2894592,3.576,0,0,0,0.2750244,nan,2,0.044,1,128,0.2573547,0.3096924,0.2719727,0.3189087,-0.002929688,0,0.0009765625,1,2,0
684.725,0.001046,-0.08398438,-0.3378906,-0.01171875,7.296875,-2.289062,8.6875,-0.06054688,-0.04296875,-0.015625,-0.02539062,0.00390625,0,0.004272461,-0.0004882812,-2.995117,0,0,-2.963501,0.2978821,3.576,0,0,0,0.2849731,nan,2,0.001,1,128,0.3081665,0.3092957,0.2612305,0.3128967,-0.002929688,0,0.0009765625,1,2,0
684.735,0.001047,-0.1660156,0.140625,0.015625,1.070312,-1.296875,9.96875,-0.03515625,0.09375,-0.0234375,-0.02539062,0.001953125,0,0.004150391,-0.0004882812,-2.995483,0,0,-2.963501,0.2978821,3.576,0,0,0,0.2849731,nan,2,0.011,1,128,0.2828979,0.2638855,0.3233337,0.3214417,-0.002929688,0,0.0009765625,1,2,0.3809524
684.744,0.001036,0.1757812,-0.03710938,0.1855469,1.734375,-5.351562,10.90625,0.06835938,-0.02539062,0.0703125,-0.02539062,0.00390625,0,0.004272461,-0.0004882812,-2.995239,0,0,-2.963501,0.2978821,3.576,0,0,0,0.2849731,nan,2,0.02,1,128,0.4233704,0.1855469,0.4504089,0.1322632,-0.002929688,0,0.0009765625,1,2,0
684.754,0.001011,-0.1855469,-0.3671875,0.0859375,3.96875,-7.078125,9.046875,0.0078125,-0.078125,0.02929688,-0.02734375,0.005859375,0,0.004516602,-0.0009765625,-2.994751,0,0,-2.963501,0.2978821,3.576,0,0,0,0.2849731,nan,2,0.03,1,128,0.295166,0.3345032,0.2564087,0.3055115,-0.002929688,0,0.0009765625,1,2,0
684.764,0.000998,-0.01757812,0.0703125,-0.08984375,4.40625,-1.1875,12.15625,-0.02929688,0.0078125,0.001953125,-0.02734375,0.005859375,0,0.004516602,-0.0008544922,-2.994629,0,0,-2.963501,0.2978821,3.576,0,0,0,0.2849731,nan,2,0.04,1,128,0.2617798,0.3291626,0.2589111,0.3417358,-0.002929688,0,0.0009765625,1,2,0
684.774,0.00102,0.09960938,0.5332031,0.015625,-7.304688,-3.351562,14.32031,0.02539062,0.06054688,0.015625,-0.02539062,0.005859375,0,0.004394531,-0.0008544922,-2.994507,0,0,-2.963501,0.3063049,3.576,0,0,0,0.2949829,nan,2,0.005,1,128,0.2883606,0.2884827,0.3542175,0.29422,-0.002929688,0,0.0009765625,1,2,0
684.784,0.001007,-0.1777344,-0.3574219,0.04296875,5.8125,5.539062,1.21875,-0.0234375,-0.01171875,0,-0.02539062,0.00390625,0,0.004272461,-0.0007324219,-2.994507,0,0,-2.963501,0.3063049,3.576,0,0,0,0.2949829,nan,2,0.015,1,128,0.3143921,0.3132324,0.2937622,0.3038635,-0.002929688,0,0.0009765625,1,2,0
684.794,0.001017,0.15625,0.03515625,-0.1015625,-5.484375,-3.109375,11.90625,0.00390625,-0.046875,-0.06445312,-0.02539062,0.00390625,0,0.004150391,-0.0007324219,-2.994873,0,0,-2.963501,0.3063049,3.576,0,0,0,0.2949829,nan,2,0.025,1,128,0.2372437,0.40625,0.2245178,0.3572388,-0.002929688,0,0.0009765625,1,2,0
684.804,0.00102,0.1640625,-0.3242188,-0.05078125,-2.367188,2.335938,11.03906,0.01757812,-0.1269531,-0.04296875,-0.02734375,0.005859375,0,0.004516602,-0.0008544922,-2.995361,0,0,-2.963501,0.3063049,3.576,0,0,0,0.2949829,nan,2,0.035,1,128,0.3294678,0.3496704,0.2770386,0.269104,-0.002929688,0,0.0009765625,1,2,0
684.813,0.000997,-0.05273438,0.2988281,0.02539062,-5.195312,-3.835938,7.601562,-0.00390625,0.0546875,0.001953125,-0.02734375,0.00390625,0,0.004516602,-0.0007324219,-2.995605,0,0,-2.963501,0.3063049,3.576,0,0,0,0.2949829,nan,2,0.044,1,128,0.3382263,0.2488708,0.3671875,0.2709961,-0.002929688,0,0.0009765625,1,2,0.4285714
684.823,0.001018,-0.1445312,0.3925781,-0.0390625,-12.92188,9.960938,9.882812,-0.0078125,0.0546875,-0.03125,-0.02734375,0.00390625,0,0.004516602,-0.0007324219,-2.995728,0,0,-2.963501,0.3063049,3.576,0,0,0,0.2949829,nan,2,0.055,1,128,0.2559204,0.3328552,0.276886,0.3596191,-0.002929688,0,0.0009765625,1,2,0
684.834,0.001051,-0.0859375,-0.1738281,0.04296875,8.4375,-1.1875,7.773438,0.015625,-0.01367188,-0.009765625,-0.02734375,0.00390625,0,0.004638672,-0.0006103516,-2.996094,0,0,-2.963501,0.3063049,3.576,0,0,0,0.2949829,nan,2,0.065,1,128,0.349823,0.2740173,0.3528442,0.2485352,-0.002929688,0,0.0009765625,1,2,0
684.844,0.000989,0.171875,0.07226562,-0.0234375,-0.6875,-6.21875,11.02344,0.046875,-0.02148438,-0.001953125,-0.02734375,0.00390625,0,0.004760742,-0.0007324219,-2.996094,0,0,-2.963501,0.3063049,3.484,0,0,0,0.2949829,nan,2,0.075,1,128,0.2895203,0.3258972,0.320343,0.2894897,-0.002929688,0,0.0009765625,1,2,0
684.854,0.000963,0.06445312,0.2285156,0.02539062,-3.390625,-5.335938,8.179688,0.01171875,0,0.01171875,-0.02734375,0.005859375,0,0.004760742,-0.0008544922,-2.995972,0,0,-2.963501,0.3147278,3.484,0,0,0,0.3049927,nan,2,0.001,1,128,0.3071594,0.3110352,0.3309631,0.3097839,-0.002929688,0.0009765625,0.0009765625,1,2,0
684.864,0.001011,0.1523438,0.2011719,-0.1113281,-0.1015625,11.98438,16.53906,0.009765625,0.04296875,-0.01171875,-0.02734375,0.005859375,0,0.004760742,-0.0008544922,-2.99585,0,0,-2.963501,0.3147278,3.484,0,0,0,0.3049927,nan,2,0.011,1,128,0.2384949,0.3649597,0.2824402,0.3730469,-0.002929688,0.0009765625,0.0009765625,1,2,0
684.874,0.001008,-0.1347656,-0.5214844,-0.02929688,5.507812,-5.414062,6.523438,-0.0546875,-0.0390625,-0.02734375,-0.02734375,0.00390625,0,0.004516602,-0.0007324219,-2.995972,0,0,-2.963501,0.3147278,3.484,0,0,0,0.3049927,nan,2,0.021,1,128,0.3055115,0.3542786,0.2610474,0.3381042,-0.002929688,0.0009765625,0.0009765625,1,2,0.3492064
684.884,0.000976,0.08789062,0.08007812,-0.01171875,2.75,-6.9375,5.265625,0.02929688,-0.02539062,-0.0546875,-0.02734375,0.00390625,0,0.004638672,-0.0007324219,-2.996582,0,0,-2.963501,0.3231506,3.484,0,0,0,0.3150024,nan,2,0.006,1,128,0.3117676,0.3546753,0.312561,0.3136292,-0.002929688,0.0009765625,0.0009765625,1,2,0
684.894,0.001002,0.01953125,0.3964844,-0.1269531,-6.25,7.828125,8.34375,0.03710938,0.08007812,-0.07226562,-0.02929688,0.00390625,0,0.004882812,-0.0007324219,-2.997192,0,0,-2.963501,0.3231506,3.484,0,0,0,0.3150024,nan,2,0.016,1,128,0.2345581,0.3626709,0.3009644,0.3944092,-0.002929688,0.0009765625,0.0009765625,1,2,0
684.904,0.001007,-0.4023438,0.1679688,-0.04492188,-7.671875,4.984375,14.29688,-0.0625,0.01367188,-0.06640625,-0.02929688,0.00390625,0,0.004760742,-0.0007324219,-2.997925,0,0,-2.963501,0.3231506,3.484,0,0,0,0.3150024,nan,2,0.026,1,128,0.32724,0.3124695,0.3067627,0.3461609,-0.002929688,0.0009765625,0.0009765625,1,2,0
684.914,0.001009,-0.001953125,0.1796875,0.04101562,-0.7109375,-1.515625,7.171875,-0.03515625,0.04296875,-0.015625,-0.02734375,0.00390625,0,0.004638672,-0.0006103516,-2.998291,0,0,-2.963501,0.3231506,3.484,0,0,0,0.3150024,nan,2,0.036,1,128,0.3570557,0.2734375,0.3765869,0.285553,-0.002929688,0.0009765625,0.0009765625,1,2,0
684.924,0.001076,0.02929688,0.1386719,-0.05664062,-1.671875,0.5859375,15.79688,-0.03710938,-0.03515625,-0.02539062,-0.02734375,0.00390625,0,0.004638672,-0.0006103516,-2.998413,0,0,-2.963501,0.3315735,3.484,0,0,0,0.3250122,nan,2,0.008,1,128,0.3189392,0.3516846,0.3026123,0.3530884,-0.002929688,0.0009765625,0.0009765625,1,2,0
684.934,0.000995,0.02929688,0.1601562,-0.05664062,-0.7578125,-0.5703125,16.8125,0,-0.015625,-0.03515625,-0.02734375,0.00390625,0,0.004516602,-0.0007324219,-2.998657,0,0,-2.963501,0.3315735,3.484,0,0,0,0.3250122,nan,2,0.018,1,128,0.2912903,0.3687134,0.3089294,0.3573608,-0.002929688,0.0009765625,0.0009765625,1,2,0
684.944,0.001009,0.0390625,-0.140625,-0.078125,5.921875,-0.671875,6.164062,0.01367188,0.01953125,-0.0546875,-0.02539062,0.00390625,0,0.004394531,-0.0007324219,-2.999146,0,0,-2.963501,0.3315735,3.484,0,0,0,0.3250122,nan,2,0.028,1,128,0.2841492,0.3676758,0.3203125,0.354187,-0.002929688,0.0009765625,0.0009765625,1,2,0
684.954,0.001009,-0.25,-0.009765625,-0.03125,8.15625,0.046875,8.109375,0.009765625,-0.00390625,0.005859375,-0.02734375,0.005859375,0,0.004638672,-0.0008544922,-2.99939,0,0,-2.963501,0.3315735,3.484,0,0,0,0.3250122,nan,2,0.038,1,128,0.3683777,0.2907715,0.3755798,0.2915649,-0.002929688,0.0009765625,0.0009765625,1,2,0
684.964,0.001011,-0.00390625,-0.0546875,-0.0625,5.3125,-9.101562,9.632812,0,-0.01171875,-0.0078125,-0.02734375,0.00390625,0,0.004516602,-0.0007324219,-2.999268,0,0,-2.963501,0.3315735,3.484,0,0,0,0.3250122,nan,2,0.048,1,128,0.3064575,0.368103,0.2990417,0.3527222,-0.002929688,0.0009765625,0.0009765625,1,2,0
684.974,0.001011,0.3125,0.1542969,0.04492188,-1.265625,-4.390625,6.039062,0.0234375,0.02539062,-0.0078125,-0.02734375,0.00390625,0,0.004638672,-0.0008544922,-2.999512,0,0,-2.963501,0.3315735,3.484,0,0,0,0.3250122,nan,2,0.059,1,128,0.3327637,0.3125916,0.3722839,0.3086853,-0.002929688,0.0009765625,0.0009765625,1,2,0
684.984,0.001018,-0.05664062,-0.1074219,0.0234375,2.867188,4.617188,9.867188,-0.0234375,0.001953125,0.03710938,-0.02734375,0.00390625,0,0.004638672,-0.0004882812,-2.999268,0,0,-2.963501,0.3315735,3.484,0,0,0,0.3250122,nan,2,0.069,1,128,0.381958,0.2907104,0.3693237,0.2843323,-0.002929688,0.0009765625,0.0009765625,1,2,0
684.994,0.001032,-0.1777344,-0.1289062,-0.05078125,1.460938,10.54688,11.1875,-0.03515625,0.05664062,0,-0.02734375,0.001953125,0,0.004516602,-0.0002441406,-2.999146,0,0,-2.963501,0.3399963,3.484,0,0,0,0.335022,nan,2,0.007,1,128,0.2945251,0.3687439,0.3051758,0.3915405,-0.002929688,0.0009765625,0.0009765625,1,2,0
685.004,0.001016,-0.2382812,0.1113281,0.0234375,1.179688,-1.304688,11.99219,-0.01953125,0.0703125,0.01953125,-0.02734375,0.001953125,0,0.004760742,-0.0003662109,-2.999023,0,0,-2.963501,0.3399963,3.484,0,0,0,0.335022,nan,2,0.017,1,128,0.3483582,0.302124,0.370697,0.3387756,-0.00390625,0.0009765625,0.0009765625,1,2,0
685.014,0.001009,0.02148438,0.2871094,0.1074219,-2.75,-13.16406,12.67188,-0.01757812,0.08984375,0.02539062,-0.02734375,0.001953125,0,0.004638672,-0.0003662109,-2.998901,0,0,-2.963501,0.3399963,3.484,0,0,0,0.335022,nan,2,0.027,1,128,0.3556519,0.276947,0.4097595,0.3176575,-0.00390625,0.0009765625,0.0009765625,1,2,0
685.024,0.001027,-0.02929688,-0.15625,-0.0546875,-0.328125,11.46875,13.14062,0.001953125,-0.04296875,0.01367188,-0.02734375,0.00390625,0,0.004516602,-0.0004882812,-2.998657,0,0,-2.963501,0.3399963,3.484,0,0,0,0.335022,nan,2,0.036,1,128,0.3234253,0.3782349,0.3120422,0.3463135,-0.00390625,0.0009765625,0.0009765625,1,2,0
685.033,0.001022,-0.06640625,-0.1445312,-0.1347656,4.445312,5.851562,15.125,0.001953125,-0.005859375,-0.0546875,-0.02734375,0.001953125,0,0.004394531,-0.0004882812,-2.998657,0,0,-2.963501,0.3399963,3.484,0,0,0,0.335022,nan,2,0.046,1,128,0.2210999,0.4656982,0.2296143,0.443573,-0.00390625,0.0009765625,0.0009765625,1,2,0
685.044,0.001011,-0.2402344,-0.05273438,0.02539062,-3.59375,12.89062,14,-0.03515625,-0.08984375,-0.01367188,-0.02734375,0.00390625,0,0.004394531,-0.0006103516,-2.999268,0,0,-2.963501,0.3484192,3.484,0,0,0,0.3449707,nan,2,0.009,1,128,0.4473877,0.2893066,0.3970642,0.2599182,-0.00390625,0.0009765625,0.0009765625,1,2,0
685.054,0.001006,-0.2324219,0.125,0.1171875,-1.9375,0.4765625,15.16406,-0.03320312,-0.02148438,0.08398438,-0.02539062,0.00390625,0,0.004150391,-0.0007324219,-2.998901,0,0,-2.963501,0.3484192,3.484,0,0,0,0.3449707,nan,2,0.019,1,128,0.47229,0.2309265,0.4610596,0.2294312,-0.00390625,0.0009765625,0.0009765625,1,2,0
685.064,0.000974,-0.00390625,0.001953125,0.1464844,3.507812,-5.234375,9.257812,0,-0.05859375,0.06054688,-0.0234375,0.00390625,0,0.00378418,-0.0006103516,-2.998291,0,0,-2.963501,0.3484192,3.484,0,0,0,0.3449707,nan,2,0.029,1,128,0.3954163,0.3345032,0.3819275,0.2818298,-0.00390625,0.0009765625,0.0009765625,1,2,0
685.074,0.001014,0.1113281,-0.1679688,0.1503906,2.507812,-4.421875,7.632812,0.09570312,-0.00390625,0.07421875,-0.0234375,0.001953125,0,0.00378418,-0.0003662109,-2.997681,0,0,-2.963501,0.3484192,3.484,0,0,0,0.3449707,nan,2,0.039,1,128,0.3734436,0.3345032,0.4198608,0.2658691,-0.00390625,0.0009765625,0.0009765625,1,2,0
685.084,0.001,0.06054688,-0.1230469,0.04882812,3.125,-0.046875,10,-0.01953125,-0.04296875,0.04296875,-0.02148438,0.00390625,0,0.00378418,-0.0004882812,-2.997192,0,0,-2.963501,0.3526306,3.484,0,0,0,0.3499756,nan,2,0,1,128,0.3513489,0.3728943,0.3389587,0.3473206,-0.00390625,0.0009765625,0.0009765625,1,2,0
685.094,0.00101,-0.03710938,-0.0234375,-0.02539062,-2.242188,5.492188,7.945312,0.009765625,0.02148438,0.01757812,-0.0234375,0.001953125,0,0.00390625,-0.0003662109,-2.996826,0,0,-2.963501,0.3526306,3.484,0,0,0,0.3499756,nan,2,0.01,1,128,0.3128967,0.3876953,0.328125,0.3818054,-0.00390625,0.0009765625,0.0009765625,1,2,0.2698413
685.104,0.001008,0.1835938,-0.140625,-0.02734375,2.34375,2.695312,13.9375,0.109375,0.02929688,0.03515625,-0.0234375,0.001953125,0,0.00390625,-0.0003662109,-2.996338,0,0,-2.963501,0.3526306,3.484,0,0,0,0.3499756,nan,2,0.02,1,128,0.2993164,0.395752,0.3716431,0.343811,-0.00390625,0.0009765625,0.0009765625,1,2,0
685.114,0.001009,-0.00390625,-0.01953125,0.0078125,4.726562,-3.664062,5.414062,-0.02929688,0.0078125,0.01953125,-0.0234375,0.00390625,0,0.00390625,-0.0006103516,-2.996216,0,0,-2.963501,0.3526306,3.484,0,0,0,0.3499756,nan,2,0.03,1,128,0.3532104,0.3440247,0.361908,0.3514099,-0.00390625,0.0009765625,0.0009765625,1,2,0
685.124,0.001009,0.04101562,-0.2382812,-0.0078125,7.203125,-9.289062,3.875,0.00390625,-0.06640625,0.01953125,-0.0234375,0.00390625,0,0.00390625,-0.0007324219,-2.99585,0,0,-2.963501,0.3526306,3.484,0,0,0,0.3499756,nan,2,0.04,1,128,0.3483887,0.3892822,0.3295898,0.3432617,-0.00390625,0.0009765625,0.0009765625,1,2,0
685.134,0.001009,0.1640625,-0.1640625,0.015625,2.039062,-8.765625,10.42969,0.009765625,-0.0078125,0.02539062,-0.0234375,0.001953125,0,0.00378418,-0.0004882812,-2.995605,0,0,-2.963501,0.3526306,3.484,0,0,0,0.3499756,nan,2,0.05,1,128,0.3462524,0.3762512,0.3460999,0.3419189,-0.00390625,0.0009765625,0.0009765625,1,2,0
685.144,0.001016,0.2324219,-0.0234375,-0.1386719,-2.625,-4.085938,11.28906,0.04492188,-0.0234375,-0.05664062,-0.0234375,0.00390625,0,0.00390625,-0.0006103516,-2.995728,0,0,-2.963501,0.3526306,3.484,0,0,0,0.3499756,nan,2,0.06,1,128,0.2385254,0.4836731,0.2508545,0.4375,-0.00390625,0.0009765625,0.0009765625,1,2,0
685.154,0.00099,0.2539062,-0.0625,-0.06640625,-8.296875,-2.640625,15.49219,0.09179688,-0.05078125,-0.05078125,-0.0234375,0.005859375,0,0.00402832,-0.0008544922,-2.996216,0,0,-2.963501,0.356842,3.484,0,0,0,0.3549805,nan,2,0.001,1,128,0.3245544,0.4120178,0.3538818,0.3369141,-0.00390625,0.0009765625,0.0009765625,1,2,0
685.164,0.00101,0.05273438,0.2011719,-0.0390625,-6.148438,-0.6171875,13.42969,-0.01757812,-0.01953125,0,-0.02539062,0.005859375,0,0.004150391,-0.0009765625,-2.996338,0,0,-2.963501,0.356842,3.484,0,0,0,0.3549805,nan,2,0.011,1,128,0.3732605,0.3456726,0.3684692,0.3399353,-0.00390625,0.0009765625,0.0009765625,1,2,0
685.174,0.001009,0.08984375,0.0703125,-0.06640625,-2.460938,0.515625,6.179688,-0.0078125,-0.005859375,-0.03125,-0.02539062,0.005859375,0,0.004272461,-0.0009765625,-2.99646,0,0,-2.963501,0.356842,3.484,0,0,0,0.3549805,nan,2,0.021,1,128,0.3179626,0.3982239,0.3155518,0.3955994,-0.00390625,0.0009765625,0.0009765625,1,2,0
685.184,0.001014,-0.00390625,-0.2929688,-0.04101562,0.3046875,-0.796875,4.429688,-0.03125,-0.05859375,-0.015625,-0.02539062,0.005859375,0,0.004394531,-0.0009765625,-2.996582,0,0,-2.963501,0.356842,3.484,0,0,0,0.3549805,nan,2,0.031,1,128,0.3826599,0.3673706,0.3377686,0.3395691,-0.00390625,0.0009765625,0.0009765625,1,2,0
685.194,0.001022,-0.1328125,-0.2695312,0.01953125,2.953125,-1.398438,7.078125,-0.1015625,-0.08007812,0.02148438,-0.02734375,0.0078125,0,0.004394531,-0.001220703,-2.996582,0,0,-2.963501,0.356842,3.484,0,0,0,0.3549805,nan,2,0.041,1,128,0.4379883,0.3183289,0.357605,0.313446,-0.00390625,0.0009765625,0.0009765625,1,2,0
685.204,0.001052,-0.05078125,-0.2832031,0.00390625,3.109375,-1.53125,9.320312,-0.06445312,-0.05664062,0.005859375,-0.02539062,0.0078125,0,0.004272461,-0.001220703,-2.99646,0,0,-2.963501,0.3652649,3.484,0,0,0,0.3649902,nan,2,0.001,1,128,0.3766479,0.3912048,0.322998,0.3701782,-0.00390625,0.0009765625,0.0009765625,1,2,0.3174603
685.214,0.001035,0.01953125,-0.109375,0.06835938,2.734375,2.726562,6.703125,-0.0703125,-0.03125,0.05078125,-0.0234375,0.0078125,0,0.00402832,-0.001220703,-2.996216,0,0,-2.963501,0.3652649,3.484,0,0,0,0.3649902,nan,2,0.011,1,128,0.4458313,0.3066711,0.4141846,0.294342,-0.00390625,0.0009765625,0.0009765625,1,2,0
685.223,0.00107,-0.06835938,-0.1621094,0.02734375,-0.0859375,-2.234375,17.60938,0.0625,-0.05273438,0.04101562,-0.02539062,0.0078125,0,0.004150391,-0.001220703,-2.995728,0,0,-2.963501,0.3652649,3.484,0,0,0,0.3649902,nan,2,0.02,1,128,0.3616943,0.397644,0.3656616,0.3360596,-0.00390625,0.0009765625,0.0009765625,1,2,0
685.234,0.001013,-0.08007812,0.04882812,-0.02148438,-8.203125,1.726562,15.46094,0.00390625,0.02734375,-0.001953125,-0.0234375,0.005859375,0,0.00402832,-0.001098633,-2.995483,0,0,-2.963501,0.3652649,3.484,0,0,0,0.3649902,nan,2,0.031,1,128,0.3225098,0.4051514,0.3378601,0.3955383,-0.00390625,0.0009765625,0.0009765625,1,2,0
685.244,0.001043,-0.07226562,0.1953125,-0.005859375,-10.05469,3.023438,18,0.005859375,0.09375,-0.00390625,-0.0234375,0.005859375,0,0.00390625,-0.0009765625,-2.995605,0,0,-2.963501,0.3652649,3.484,0,0,0,0.3649902,nan,2,0.04,1,128,0.3320312,0.3596802,0.3886719,0.3807068,-0.00390625,0.0009765625,0.0009765625,1,2,0
685.254,0.001031,0.1855469,0.1523438,0.0546875,-10.99219,1.515625,12.57812,0.015625,0.00390625,0.02734375,-0.02148438,0.00390625,0,0.003662109,-0.0007324219,-2.995483,0,0,-2.963501,0.3652649,3.484,0,0,0,0.3649902,nan,2,0.051,1,128,0.4042664,0.3379211,0.4213562,0.2975159,-0.00390625,0.0009765625,0.0009765625,1,2,0
685.264,0.00102,0.1347656,0.1289062,0.09179688,-9.609375,-2.257812,10.50781,0.0390625,-0.009765625,0.08007812,-0.02148438,0.00390625,0,0.003662109,-0.0007324219,-2.994873,0,0,-2.963501,0.3736877,3.484,0,0,0,0.375,nan,2,0,1,128,0.4222717,0.3382568,0.4446106,0.2896118,-0.00390625,0.0009765625,0.0009765625,1,2,0
685.274,0.001009,-0.00390625,0.3378906,0.1152344,-9.132812,-2.945312,1.734375,0.03515625,0.015625,0.08007812,-0.0234375,0.00390625,0,0.00390625,-0.0006103516,-2.994141,0,0,-2.963501,0.3736877,3.484,0,0,0,0.375,nan,2,0.01,1,128,0.4081726,0.3358154,0.4277344,0.322998,-0.00390625,0.0009765625,0.0009765625,1,2,0.2063492
685.284,0.001018,0.07617188,0.3125,0.06054688,-7.84375,-3.9375,3.632812,0.01171875,0.06640625,0.0546875,-0.0234375,0.00390625,0,0.00390625,-0.0006103516,-2.993408,0,0,-2.963501,0.3736877,3.484,0,0,0,0.375,nan,2,0.02,1,128,0.328125,0.3811035,0.3835754,0.401947,-0.00390625,0.0009765625,0.0009765625,1,2,0.2063492
685.294,0.000999,0.109375,-0.01757812,0.09960938,-3.125,-2.007812,2.9375,0.02148438,-0.0078125,0.05273438,-0.02148438,0.001953125,0,0.003662109,-0.0004882812,-2.993042,0,0,-2.963501,0.3736877,3.484,0,0,0,0.375,nan,2,0.03,1,128,0.4017944,0.3592224,0.4179993,0.3157349,-0.00390625,0.0009765625,0,1,2,0
685.304,0.001062,0.2050781,0.2929688,0.0703125,-4.109375,-1.09375,4.046875,-0.0078125,0.08984375,0.04101562,-0.01953125,0.00390625,0,0.003417969,-0.0007324219,-2.992554,0,0,-2.963501,0.3736877,3.484,0,0,0,0.375,nan,2,0.04,1,128,0.3426208,0.357605,0.4093018,0.3852234,-0.00390625,0.0009765625,0,1,2,0
685.314,0.001022,-0.1835938,0.125,0.02734375,-4.15625,0.6328125,8.898438,-0.03125,-0.015625,0.01171875,-0.02539062,0.001953125,0,0.004150391,-0.0004882812,-2.99231,0,0,-2.963501,0.3821106,3.484,0,0,0,0.3850098,nan,2,0.001,1,128,0.3787537,0.3925476,0.3442993,0.4128113,-0.00390625,0.0009765625,0,1,2,0.8253968
685.324,0.000942,0.1503906,0.0078125,0.05664062,-3.265625,1.695312,14.28125,0.06640625,-0.01757812,0.0546875,-0.02148438,0.00390625,0,0.003662109,-0.0007324219,-2.991821,0,0,-2.963501,0.3821106,3.484,0,0,0,0.3850098,nan,2,0.011,1,128,0.3891602,0.3813171,0.4342651,0.3236389,-0.00390625,0.0009765625,0,1,2,0
685.335,0.001038,-0.1386719,0.009765625,0.09960938,-3.234375,3.03125,16.60938,-0.05664062,0.02539062,0.09765625,-0.0234375,0.001953125,0,0.00402832,-0.0004882812,-2.990967,0,0,-2.963501,0.3821106,3.484,0,0,0,0.3850098,nan,2,0.021,1,128,0.4433594,0.3240356,0.4141235,0.3468933,-0.00390625,0.0009765625,0,1,2,0
685.344,0.000992,-0.2324219,0.1308594,0.1035156,-3.828125,2.96875,21.92969,-0.07617188,-0.02929688,0.08789062,-0.02148438,0.005859375,0,0.003662109,-0.0009765625,-2.990112,0,0,-2.963501,0.3821106,3.484,0,0,0,0.3850098,nan,2,0.03,1,128,0.4243164,0.3384705,0.4080811,0.3575439,-0.00390625,0.0009765625,0,1,2,0
685.354,0.001034,-0.1035156,0.02539062,0.1191406,-2.6875,-2.132812,15.24219,-0.0078125,-0.04882812,0.1171875,-0.0234375,0.001953125,0,0.00390625,-0.0002441406,-2.989136,0,0,-2.963501,0.3821106,3.484,0,0,0,0.3850098,nan,2,0.04,1,128,0.4753113,0.3361511,0.4243469,0.2926025,-0.00390625,0.0009765625,0,1,2,0
685.364,0.001042,-0.1269531,0.1933594,0.05273438,-2.820312,-6.570312,14.95312,-0.02148438,0.01171875,0.08203125,-0.0234375,0.00390625,0,0.00390625,-0.0004882812,-2.988037,0,0,-2.963501,0.386322,3.484,0,0,0,0.3900146,nan,2,0.001,1,128,0.3713074,0.387085,0.3834229,0.4034424,-0.00390625,0.0009765625,0,1,2,0
685.374,0.001055,0.1015625,0.1445312,0.06445312,-0.3359375,-8.148438,9.398438,0.109375,-0.03320312,0.06445312,-0.02539062,0.001953125,0,0.004150391,-0.0003662109,-2.987549,0,0,-2.963501,0.386322,3.484,0,0,0,0.3900146,nan,2,0.011,1,128,0.3891907,0.4002991,0.4259338,0.329834,-0.00390625,0.0009765625,0,1,2,0
685.384,0.00101,0.04101562,0.08789062,0.08398438,4.359375,-9.320312,9.4375,-0.046875,0.05664062,0.078125,-0.0234375,0.001953125,0,0.00390625,-0.0002441406,-2.986816,0,0,-2.963501,0.386322,3.484,0,0,0,0.3900146,nan,2,0.021,1,128,0.4171753,0.3334656,0.4383545,0.3562317,-0.00390625,0.0009765625,0,1,2,0
685.394,0.001072,-0.08984375,-0.09960938,0.06835938,9.648438,-5.257812,10.34375,0.01757812,-0.02539062,0.06640625,-0.0234375,0.001953125,0,0.00402832,-0.0002441406,-2.986206,0,0,-2.963501,0.386322,3.484,0,0,0,0.3900146,nan,2,0.031,1,128,0.4076233,0.3759766,0.4097595,0.3518982,-0.00390625,0.0009765625,0,1,2,0
685.404,0.00101,-0.01367188,-0.3222656,0.08789062,13,-2.554688,1.617188,-0.02539062,0,0.0625,-0.0234375,0.001953125,0,0.00402832,-0.0003662109,-2.985718,0,0,-2.963501,0.386322,3.484,0,0,0,0.3900146,nan,2,0.041,1,128,0.4244995,0.348999,0.4229126,0.3488464,-0.00390625,0.0009765625,0,1,2,0
685.414,0.001016,-0.1191406,-0.2910156,0.04296875,9.125,2.484375,1.65625,-0.001953125,-0.03710938,0.04882812,-0.02734375,0.001953125,0,0.004516602,-0.0002441406,-2.985107,0,0,-2.963501,0.386322,3.484,0,0,0,0.3900146,nan,2,0.052,1,128,0.4096375,0.3889771,0.3768311,0.3698425,-0.00390625,0.0009765625,0,1,2,0.1111111
685.424,0.001011,-0.04882812,-0.4082031,0.07226562,6.046875,3.007812,9.515625,-0.03125,-0.1035156,0.07617188,-0.02539062,0.001953125,0,0.004150391,-0.0002441406,-2.984497,0,0,-2.963501,0.3947449,3.484,0,0,0,0.4000244,nan,2,0.008,1,128,0.4719238,0.3721619,0.4234314,0.3114319,-0.00390625,0.0009765625,0,1,2,0
685.434,0.001012,0.109375,-0.005859375,-0.05273438,-0.109375,3.617188,6.757812,0,0.02148438,0.00390625,-0.02539062,0,0,0.004150391,0.0001220703,-2.984131,0,0,-2.963501,0.3947449,3.484,0,0,0,0.4000244,nan,2,0.018,1,128,0.3260803,0.4658813,0.3371582,0.4498596,-0.004882812,0.0009765625,0,1,2,0
685.444,0.001002,0.2226562,0.1796875,0.02929688,-3.875,3.132812,5.03125,0.02148438,0.08007812,0.04492188,-0.0234375,-0.00390625,0,0.00402832,0.0004882812,-2.983765,0,0,-2.963501,0.3947449,3.484,0,0,0,0.4000244,nan,2,0.027,1,128,0.3980713,0.3677063,0.4502258,0.3629456,-0.004882812,0.0009765625,0,1,2,0
685.454,0.001015,0.04101562,-0.01367188,0.07617188,-4.367188,4.203125,6.546875,-0.0859375,-0.05273438,0.08007812,-0.02148438,-0.00390625,0,0.003662109,0.0007324219,-2.983032,0,0,-2.963501,0.3947449,3.484,0,0,0,0.4000244,nan,2,0.037,1,128,0.4528198,0.3633118,0.4156189,0.347229,-0.00390625,0.0009765625,0,1,2,0
685.464,0.001001,0.1582031,0.25,0.05859375,-5.375,3.648438,15.0625,0.1386719,-0.0625,0.05078125,-0.02148438,0.001953125,0,0.003540039,-0.0003662109,-2.982422,0,0,-2.963501,0.4031677,3.484,0,0,0,0.4099731,nan,2,0.001,1,128,0.3501892,0.4448242,0.4355469,0.3820801,-0.004882812,0.0009765625,0,1,2,0
685.474,0.001059,-0.1191406,0.05859375,0.07617188,-7.007812,1.476562,13.74219,-0.06054688,-0.08007812,0.05859375,-0.01953125,0.00390625,0,0.003295898,-0.0006103516,-2.981934,0,0,-2.963501,0.4031677,3.484,0,0,0,0.4099731,nan,2,0.011,1,128,0.4559631,0.3750916,0.425293,0.3562927,-0.004882812,0.0009765625,0,1,2,0
685.484,0.001013,-0.04296875,0.25,0.06054688,-7.539062,2.164062,12.625,-0.02148438,-0.01953125,0.0703125,-0.01757812,0.009765625,0,0.002929688,-0.001464844,-2.981323,0,0,-2.963501,0.4031677,3.484,0,0,0,0.4099731,nan,2,0.021,1,128,0.4160767,0.3702393,0.4484253,0.3778992,-0.00390625,0.0009765625,0,1,2,0
685.494,0.00107,0.01953125,0.3339844,0.0390625,-4.5,5.648438,10.59375,0.08203125,0.2109375,0.07617188,-0.02148438,0.001953125,0,0.003540039,-0.0004882812,-2.980469,0,0,-2.963501,0.4031677,3.386,0,0,0,0.4099731,nan,2,0.031,1,128,0.3681335,0.3690796,0.4681702,0.4072876,-0.004882812,0.0009765625,0,1,2,0
685.504,0.001008,-0.03710938,0.28125,0.03710938,1.5625,7,12.67969,-0.01953125,0.1464844,0.05078125,-0.01953125,0.001953125,0,0.003417969,-0.0003662109,-2.979858,0,0,-2.963501,0.4031677,3.386,0,0,0,0.4099731,nan,2,0.041,1,128,0.3624268,0.3746643,0.4394226,0.4361267,-0.004882812,0.0009765625,0,1,2,0
685.514,0.001016,-0.05664062,-0.09570312,0.08398438,2.8125,3.5625,14.34375,0.078125,0.02148438,0.08007812,-0.02539062,-0.001953125,0,0.004272461,0.0002441406,-2.979248,0,0,-2.963501,0.4031677,3.386,0,0,0,0.4099731,nan,2,0.051,1,128,0.4525757,0.3620605,0.4646606,0.333313,-0.004882812,0.0009765625,0,1,2,0
685.524,0.001009,-0.09375,0.03515625,0.02929688,-1.632812,-1.585938,22.71094,-0.01367188,-0.0546875,0.07617188,-0.02734375,0.001953125,0,0.004638672,-0.0003662109,-2.978394,0,0,-2.963501,0.4115906,3.386,0,0,0,0.4199829,nan,2,0.009,1,128,0.4259949,0.4062805,0.4056702,0.4083862,-0.004882812,0.0009765625,0,1,2,0
685.533,0.001014,-0.09765625,-0.078125,0.04882812,1.359375,-0.3359375,8.15625,-0.04296875,0.05859375,0.05273438,-0.02539062,0,0,0.004272461,0,-2.977783,0,0,-2.963501,0.4115906,3.386,0,0,0,0.4199829,nan,2,0.018,1,128,0.4058228,0.4042053,0.4183044,0.4179993,-0.004882812,0.0009765625,0,1,2,0
685.544,0.001049,0.2089844,0.03710938,0.07226562,-1.085938,-2.460938,19.36719,0.05859375,0.005859375,0.0625,-0.02539062,0.001953125,0,0.004150391,-0.0002441406,-2.977295,0,0,-2.963501,0.4115906,3.386,0,0,0,0.4199829,nan,2,0.028,1,128,0.4272766,0.3875732,0.4868469,0.3446655,-0.004882812,0.0009765625,0,1,2,0
685.554,0.001029,-0.05664062,0.1425781,0.03515625,1.9375,4.664062,16.26562,0.1289062,0.04296875,0.05078125,-0.03320312,0.00390625,0,0.005371094,-0.0004882812,-2.976685,0,0,-2.963501,0.4115906,3.386,0,0,0,0.4199829,nan,2,0.038,1,128,0.3802795,0.4163208,0.4396057,0.4100952,-0.004882812,0.0009765625,0,1,2,0
685.564,0.001025,-0.3007812,0.009765625,0.078125,-4.796875,8.132812,13.89062,-0.03515625,0.0234375,0.078125,-0.03710938,0,0,0.006103516,0,-2.976074,0,0,-2.963501,0.4115906,3.386,0,0,0,0.4199829,nan,2,0.048,1,128,0.4819641,0.3497925,0.4429016,0.3716736,-0.004882812,0.0009765625,0,1,2,0
685.574,0.00101,-0.046875,0.34375,0.05078125,-7.9375,0.3984375,5.179688,-0.01367188,0.0546875,0.078125,-0.03515625,0,0,0.005859375,0,-2.97522,0,0,-2.963501,0.4242249,3.386,0,0,0,0.4349976,nan,2,0.009,1,128,0.4182129,0.4004517,0.4587708,0.4194031,-0.004882812,0.0009765625,0,1,2,0.06349207
685.584,0.001009,-0.1699219,0.06835938,0.09765625,-3.28125,-3.070312,17.71875,-0.08398438,0.00390625,0.08984375,-0.03515625,-0.001953125,0,0.005737305,0.0003662109,-2.974365,0,0,-2.963501,0.4242249,3.386,0,0,0,0.4349976,nan,2,0.019,1,128,0.4776001,0.3809204,0.4446411,0.3936768,-0.004882812,0.0009765625,0,1,2,0
685.594,0.001004,-0.171875,0.04296875,0.08203125,-0.4296875,-1.1875,39.17188,-0.04882812,0.009765625,0.09570312,-0.03125,0,0,0.005249023,0.0001220703,-2.973389,0,0,-2.963501,0.4242249,3.386,0,0,0,0.4349976,nan,2,0.029,1,128,0.4459839,0.3916016,0.4584961,0.4007568,-0.004882812,0.0009765625,0,1,2,0
685.604,0.001009,-0.3183594,-0.1816406,0.05078125,-1.859375,-0.1953125,19.20312,-0.1757812,-0.1484375,0.08984375,-0.02539062,0.00390625,0,0.004394531,-0.0004882812,-2.972534,0,0,-2.963501,0.4242249,3.386,0,0,0,0.4349976,nan,2,0.039,1,128,0.4942017,0.4090271,0.3946228,0.3989868,-0.004882812,0.0009765625,0,1,2,0
685.614,0.001016,0.01757812,-0.03125,0.0546875,0.890625,3.492188,13.00781,0.07421875,-0.06835938,0.07617188,-0.02929688,0.0078125,0,0.004882812,-0.001220703,-2.97168,0,0,-2.963501,0.4242249,3.386,0,0,0,0.4349976,nan,2,0.049,1,128,0.4194641,0.4394836,0.4376221,0.400238,-0.004882812,0.0009765625,0,1,2,0
685.624,0.001009,-0.1464844,0.203125,0.1015625,-2.617188,4.703125,17.3125,-0.0703125,0.03710938,0.07421875,-0.02734375,0.009765625,0,0.004516602,-0.001586914,-2.970947,0,0,-2.963501,0.4326172,3.386,0,0,0,0.4450073,nan,2,0.008,1,128,0.4520874,0.3831787,0.4714966,0.4237671,-0.004882812,0.0009765625,0,1,2,0
685.633,0.00106,-0.07617188,0.01953125,0.1152344,1.625,-1.632812,13.30469,-0.02734375,0.07421875,0.09179688,-0.02539062,0.005859375,0,0.004150391,-0.0008544922,-2.970093,0,0,-2.963501,0.4326172,3.386,0,0,0,0.4450073,nan,2,0.017,1,128,0.469574,0.3865051,0.4915161,0.3829651,-0.004882812,0.0009765625,0,1,2,0
685.644,0.001034,-0.1171875,0.3359375,0.04882812,-0.8828125,3.140625,5.765625,-0.04101562,0.1699219,0.08007812,-0.0234375,-0.001953125,0,0.00390625,0.0002441406,-2.969238,0,0,-2.963501,0.4326172,3.386,0,0,0,0.4450073,nan,2,0.027,1,128,0.4225464,0.3936768,0.4718628,0.4424438,-0.004882812,0.0009765625,0,1,2,0
685.654,0.001009,-0.0078125,-0.1855469,0.046875,4.929688,6.085938,9.539062,0.001953125,0.08007812,0.0703125,-0.02148438,-0.009765625,0,0.003662109,0.001831055,-2.968506,0,0,-2.963501,0.4326172,3.386,0,0,0,0.4450073,nan,2,0.037,1,128,0.4299927,0.4504395,0.4375916,0.4125366,-0.004882812,0,0,1,2,0
685.664,0.00101,0.2441406,-0.04492188,0.05664062,-5.242188,-1.351562,14.57812,0.1171875,-0.0546875,0.0703125,-0.02734375,-0.009765625,0,0.004516602,0.001708984,-2.967773,0,0,-2.963501,0.4326172,3.386,0,0,0,0.4450073,nan,2,0.047,1,128,0.4391479,0.4532471,0.4553223,0.382782,-0.004882812,0,0,1,2,0
685.674,0.000938,0.1347656,-0.05078125,0.07421875,-0.46875,1.21875,8.109375,0.03125,-0.078125,0.07617188,-0.03125,-0.005859375,0,0.005126953,0.0009765625,-2.966919,0,0,-2.963501,0.4368286,3.386,0,0,0,0.4500122,nan,2,0.008,1,128,0.4607239,0.4272461,0.4578857,0.4015198,-0.004882812,0.0009765625,0,1,2,0
685.684,0.0009860001,-0.0546875,-0.2324219,0.09960938,4.84375,7.046875,7.296875,0,-0.08203125,0.08398438,-0.02929688,-0.001953125,0,0.005004883,0.0002441406,-2.966187,0,0,-2.963501,0.4368286,3.386,0,0,0,0.4500122,nan,2,0.018,1,128,0.4763184,0.4150391,0.4736938,0.3822937,-0.004882812,0.0009765625,0,1,2,0
685.694,0.001012,-0.04492188,-0.05859375,0.07617188,-3.234375,0.78125,0.6640625,-0.01757812,-0.1484375,0.0859375,-0.02929688,0.005859375,0,0.005004883,-0.001098633,-2.965332,0,0,-2.963501,0.4368286,3.386,0,0,0,0.4500122,nan,2,0.028,1,128,0.4725952,0.4302063,0.447052,0.397522,-0.004882812,0.0009765625,0,1,2,0
685.704,0.001007,0.1582031,0.04882812,0.09375,4.664062,-6.914062,6.773438,0.05664062,0.03515625,0.07421875,-0.02929688,0.0078125,0,0.004760742,-0.001342773,-2.9646,0,0,-2.963501,0.4368286,3.386,0,0,0,0.4500122,nan,2,0.038,1,128,0.4234314,0.4232483,0.4962769,0.4044189,-0.004882812,0.0009765625,0,1,2,0
685.714,0.001012,0.08007812,-0.109375,0.09375,5.671875,-2.453125,10.92188,0.015625,0.02148438,0.0859375,-0.03125,0.005859375,0,0.005126953,-0.0008544922,-2.963745,0,0,-2.963501,0.4368286,3.386,0,0,0,0.4500122,nan,2,0.048,1,128,0.4798584,0.4013062,0.4859619,0.380249,-0.004882812,0.0009765625,0,1,2,0
685.724,0.001053,0.078125,0.0234375,0.1074219,1.375,-1.828125,8.859375,0.046875,0.06640625,0.09570312,-0.03125,0,0,0.005371094,-0.0001220703,-2.962891,0,0,-2.963501,0.44104,3.386,0,0,0,0.4550171,nan,2,0.009,1,128,0.4632874,0.4131165,0.5007324,0.387085,-0.004882812,0.0009765625,0,1,2,0
685.734,0.001009,-0.1347656,0.2050781,0.1425781,-4.648438,0.625,31.85156,-0.009765625,0.09960938,0.1035156,-0.03320312,-0.005859375,0,0.005493164,0.0008544922,-2.961914,0,0,-2.963501,0.44104,3.386,0,0,0,0.4550171,nan,2,0.019,1,128,0.4790039,0.386261,0.4975281,0.4013977,-0.004882812,0.0009765625,0,1,2,0
685.744,0.001009,-0.1035156,-0.0078125,0.06054688,4.25,3.148438,12.57812,-0.078125,0.0625,0.1035156,-0.02929688,-0.009765625,0,0.004882812,0.001464844,-2.960815,0,0,-2.963501,0.44104,3.386,0,0,0,0.4550171,nan,2,0.029,1,128,0.4563904,0.4161377,0.4619751,0.4296875,-0.004882812,0,0,1,2,0
685.754,0.001013,-0.08007812,-0.01171875,0.078125,5.984375,1.234375,11.73438,-0.0703125,0.0625,0.08789062,-0.0234375,-0.01171875,0,0.00402832,0.002075195,-2.959961,0,0,-2.963501,0.44104,3.386,0,0,0,0.4550171,nan,2,0.038,1,128,0.4441833,0.4298706,0.463501,0.4266663,-0.004882812,0,0,1,2,0
685.764,0.001016,0.04882812,0.2558594,0.0859375,-2.9375,-2.445312,29.89062,0.005859375,0.1757812,0.1015625,-0.0234375,-0.01953125,0,0.00390625,0.003295898,-2.958984,0,0,-2.963501,0.44104,3.386,0,0,0,0.4550171,nan,2,0.048,1,128,0.4376221,0.3990784,0.5072632,0.4202576,-0.004882812,0,0,1,2,0
685.774,0.001013,0.1347656,0.2753906,0.078125,0.703125,3.625,-4.601562,0.06640625,0.2539062,0.09375,-0.02539062,-0.03320312,0,0.004272461,0.005615234,-2.957886,0,0,-2.963501,0.4494629,3.386,0,0,0,0.4650269,nan,2,0.008,1,128,0.4187622,0.4296875,0.506073,0.4433899,-0.004882812,0,0,1,2,0
685.784,0.000946,0.0625,0.2207031,0.1230469,1.929688,7.304688,10.21094,0.1855469,0.2617188,0.1054688,-0.03320312,-0.04882812,0,0.005615234,0.008178711,-2.956909,0,0,-2.963501,0.4494629,3.386,0,0,0,0.4650269,nan,2,0.018,1,128,0.4414673,0.4151611,0.5411987,0.4000854,-0.005859375,0,0,1,2,0
685.794,0.001054,0.15625,0.171875,0.1035156,-5.03125,-4.765625,2.640625,0.07226562,0.1308594,0.09960938,-0.04101562,-0.06054688,0,0.006713867,0.01013184,-2.955811,0,0,-2.963501,0.4494629,3.386,0,0,0,0.4650269,nan,2,0.028,1,128,0.4715881,0.426239,0.4821777,0.4178772,-0.005859375,-0.0009765625,0,1,2,0
685.804,0.001057,0.05273438,-0.1816406,0.1015625,10.75781,-0.78125,5.101562,0.05273438,0.0703125,0.09375,-0.04492188,-0.06640625,0,0.007324219,0.01123047,-2.954834,0,0,-2.963501,0.4494629,3.386,0,0,0,0.4650269,nan,2,0.038,1,128,0.4636841,0.432373,0.4875793,0.4142761,-0.005859375,-0.0009765625,0,1,2,0
685.814,0.001025,-0.005859375,-0.1210938,0.1035156,-0.609375,-5.375,13.53125,-0.0078125,-0.01171875,0.09570312,-0.04492188,-0.0703125,0,0.007568359,0.01171875,-2.953857,0,0,-2.963501,0.4620972,3.386,0,0,0,0.4799805,nan,2,0,1,128,0.5011902,0.4401245,0.4876404,0.4194946,-0.005859375,-0.0009765625,0,1,2,0
685.824,0.00101,-0.08007812,0.2011719,0.1132812,-3.695312,-2.601562,10.55469,-0.05273438,0.01953125,0.09765625,-0.04296875,-0.0703125,0,0.007080078,0.01171875,-2.953003,0,0,-2.963501,0.4620972,3.386,0,0,0,0.4799805,nan,2,0.01,1,128,0.4918823,0.4139404,0.5151367,0.4274597,-0.005859375,-0.0009765625,0,1,2,0
685.834,0.00101,-0.21875,0.01171875,0.1113281,-0.1796875,5.945312,12.76562,-0.04492188,0.0078125,0.1113281,-0.0390625,-0.0703125,0,0.006591797,0.01184082,-2.951904,0,0,-2.963501,0.4620972,3.386,0,0,0,0.4799805,nan,2,0.02,1,128,0.4956055,0.4177551,0.5148621,0.4201965,-0.005859375,-0.0009765625,0,1,2,0
685.843,0.001009,0.1054688,0.2011719,0.08789062,-5.9375,-4.28125,15.54688,0.01757812,0.02539062,0.1035156,-0.0390625,-0.0703125,0,0.006591797,0.01171875,-2.950928,0,0,-2.963501,0.4620972,3.386,0,0,0,0.4799805,nan,2,0.029,1,128,0.4598694,0.4372253,0.5176392,0.4336548,-0.005859375,-0.0009765625,0,1,2,0
685.854,0.001018,0.09765625,-0.2558594,0.09179688,9.710938,4.992188,7.804688,0.08789062,-0.015625,0.1074219,-0.04296875,-0.0703125,0,0.007202148,0.01171875,-2.949829,0,0,-2.963501,0.4620972,3.386,0,0,0,0.4799805,nan,2,0.039,1,128,0.4660034,0.4590454,0.5046692,0.4187012,-0.005859375,-0.0009765625,0,1,2,0
685.864,0.001006,0.3027344,0.04492188,0.125,-5,0.7890625,8.59375,0.15625,0.001953125,0.1113281,-0.05078125,-0.0703125,0,0.008422852,0.01184082,-2.94873,0,0,-2.963501,0.4620972,3.386,0,0,0,0.4799805,nan,2,0.049,1,128,0.4708252,0.4434204,0.5356445,0.3985291,-0.005859375,-0.0009765625,0,1,2,0.5555556
685.874,0.001006,0.02734375,0.01367188,0.1289062,4.71875,0.2265625,5.09375,0.1191406,0.01953125,0.1054688,-0.05859375,-0.0703125,0,0.009887695,0.01184082,-2.947632,0,0,-2.963501,0.4620972,3.386,0,0,0,0.4799805,nan,2,0.06,1,128,0.471283,0.4344177,0.5168762,0.4258118,-0.005859375,-0.0009765625,0,1,2,0
685.884,0.001001,-0.015625,-0.0234375,0.1015625,-2.03125,-5.648438,10.91406,0.06445312,-0.01757812,0.1171875,-0.06445312,-0.0703125,0,0.01086426,0.01184082,-2.946533,0,0,-2.963501,0.4620972,3.386,0,0,0,0.4799805,nan,2,0.07,1,128,0.4940491,0.4284058,0.5107117,0.4152527,-0.006835938,-0.0009765625,0,1,2,0
685.894,0.001006,0.05273438,0.06054688,0.08984375,2.398438,-0.296875,18.67188,0.03320312,-0.001953125,0.09960938,-0.06835938,-0.0703125,0,0.01123047,0.01171875,-2.945435,0,0,-2.963501,0.47052,3.386,0,0,0,0.4899902,nan,2,0.005,1,128,0.4697571,0.4565125,0.5072937,0.4485168,-0.006835938,-0.0009765625,0,1,2,0
685.904,0.001016,-0.03320312,0.06640625,0.08984375,-5.546875,5.242188,18.0625,0.02148438,-0.001953125,0.1015625,-0.06835938,-0.0703125,0,0.01147461,0.01171875,-2.944336,0,0,-2.963501,0.47052,3.386,0,0,0,0.4899902,nan,2,0.015,1,128,0.4747009,0.4524231,0.5117188,0.4432678,-0.006835938,-0.001953125,0,1,2,0
685.914,0.001009,0.05273438,0.171875,0.1074219,-2.070312,-0.7109375,7.179688,0.015625,0.04492188,0.1015625,-0.0703125,-0.0703125,0,0.01171875,0.01171875,-2.943359,0,0,-2.963501,0.47052,3.386,0,0,0,0.4899902,nan,2,0.025,1,128,0.4702148,0.4352417,0.5264587,0.4501953,-0.006835938,-0.001953125,0,1,2,0
685.924,0.001009,0.03320312,-0.2695312,0.1015625,7.28125,-0.15625,2.632812,0.02929688,-0.03320312,0.09960938,-0.07226562,-0.0703125,0,0.01208496,0.01159668,-2.942261,0,0,-2.963501,0.47052,3.386,0,0,0,0.4899902,nan,2,0.035,1,128,0.4909668,0.4567261,0.5099792,0.4244385,-0.006835938,-0.001953125,0,1,2,0
685.934,0.001009,0.1953125,0.1425781,0.15625,-1.421875,-5.851562,9.164062,0.08984375,0.05664062,0.1289062,-0.07617188,-0.07226562,0,0.01269531,0.01196289,-2.941162,0,0,-2.963501,0.47052,3.386,0,0,0,0.4899902,nan,2,0.045,1,128,0.4992371,0.4111938,0.5786438,0.3930359,-0.006835938,-0.001953125,0,1,2,0
685.944,0.001009,0.1386719,0.2011719,0.09570312,-5.726562,-4.742188,13.625,0.06054688,0.1015625,0.1171875,-0.08007812,-0.07617188,0,0.01318359,0.01269531,-2.939941,0,0,-2.963501,0.47052,3.386,0,0,0,0.4899902,nan,2,0.056,1,128,0.4591064,0.4423218,0.5332336,0.4474487,-0.006835938,-0.001953125,0,1,2,0
685.954,0.001012,0.125,0.2265625,0.09375,-3.898438,-3.789062,19.60938,0.0625,0.09179688,0.1230469,-0.08203125,-0.08007812,0,0.01367188,0.01330566,-2.938721,0,0,-2.963501,0.47052,3.386,0,0,0,0.4899902,nan,2,0.065,1,128,0.4682617,0.440979,0.5386963,0.4341736,-0.006835938,-0.001953125,0,1,2,0
685.964,0.001004,0.1074219,-0.1523438,0.1074219,3.945312,3.304688,3.429688,0.1171875,0.01757812,0.109375,-0.08789062,-0.08203125,0,0.01464844,0.01367188,-2.937622,0,0,-2.963501,0.4789429,3.386,0,0,0,0.5,nan,2,0.001,1,128,0.4736023,0.4789429,0.5270081,0.4362183,-0.0078125,-0.001953125,0,1,2,0
685.974,0.001009,0.1816406,0.1855469,0.1464844,-3.96875,-3.796875,-23.57031,0.1328125,0.06445312,0.1152344,-0.09765625,-0.0859375,0,0.01623535,0.01428223,-2.936523,0,0,-2.963501,0.4789429,3.386,0,0,0,0.5,nan,2,0.011,1,128,0.4918823,0.4358215,0.5629578,0.4251099,-0.0078125,-0.001953125,0,1,2,0
685.984,0.001012,-0.2304688,-0.4335938,0.1445312,5.835938,0.375,9.742188,-0.0234375,-0.0390625,0.1269531,-0.09960938,-0.0859375,0,0.01672363,0.0144043,-2.935303,0,0,-2.963501,0.4789429,3.386,0,0,0,0.5,nan,2,0.021,1,128,0.5432129,0.4300842,0.5244141,0.4180908,-0.0078125,-0.001953125,0,1,2,0
685.994,0.001013,-0.01953125,0.2929688,0.09570312,-2.945312,-3.1875,18.77344,-0.06835938,0.02734375,0.109375,-0.09570312,-0.08203125,0,0.01599121,0.01379395,-2.934082,0,0,-2.963501,0.4789429,3.386,0,0,0,0.5,nan,2,0.031,1,128,0.4645081,0.4433594,0.5330811,0.4748535,-0.0078125,-0.001953125,0,1,2,0
686.004,0.001008,-0.2441406,0.1210938,0.1523438,-1.867188,8.476562,18.5,-0.2207031,-0.08984375,0.1445312,-0.08398438,-0.078125,0,0.01403809,0.01293945,-2.932861,0,0,-2.963501,0.4789429,3.386,0,0,0,0.5,nan,2,0.041,1,128,0.5591736,0.3959961,0.5437622,0.4168701,-0.0078125,-0.001953125,0,1,2,0
686.014,0.001012,-0.1894531,-0.08398438,0.1152344,-0.8984375,-1.671875,2.890625,-0.2167969,-0.1113281,0.1328125,-0.07226562,-0.07226562,0,0.01208496,0.01196289,-2.931396,0,0,-2.963501,0.4789429,3.386,0,0,0,0.5,nan,2,0.051,1,128,0.5181274,0.4450684,0.5028076,0.4497681,-0.0078125,-0.001953125,0,1,2,0
686.024,0.001009,-0.1230469,-0.3808594,0.1269531,4.09375,-0.7890625,7.46875,-0.2207031,-0.1835938,0.1210938,-0.05859375,-0.0625,0,0.009765625,0.01037598,-2.930176,0,0,-2.963501,0.4789429,3.386,0,0,0,0.5,nan,2,0.062,1,128,0.5213623,0.4648438,0.4900513,0.4395447,-0.0078125,-0.001953125,0,1,2,0
686.034,0.000985,0.005859375,-0.09960938,0.1523438,-1.320312,-3.632812,8.382812,-0.1269531,-0.08984375,0.1464844,-0.046875,-0.05664062,0,0.0078125,0.009399414,-2.928955,0,0,-2.963501,0.4831543,3.386,0,0,0,0.5050049,nan,2,0.002,1,128,0.5322266,0.4275208,0.5738831,0.3990173,-0.006835938,-0.001953125,0,1,2,0
686.045,0.001021,-0.1035156,0.001953125,0.1464844,0.7578125,-2.34375,17.97656,-0.1894531,-0.02148438,0.1503906,-0.03515625,-0.05273438,0,0.005981445,0.008789062,-2.927368,0,0,-2.963501,0.4831543,3.386,0,0,0,0.5050049,nan,2,0.013,1,128,0.5280457,0.415863,0.5412292,0.4475098,-0.006835938,-0.001953125,0,1,2,0
686.053,0.001009,-0.1777344,-0.01953125,0.1152344,3.867188,5.46875,35.98438,-0.1757812,0.009765625,0.1328125,-0.02539062,-0.05078125,0,0.004150391,0.008666992,-2.926025,0,0,-2.963501,0.4831543,3.386,0,0,0,0.5050049,nan,2,0.022,1,128,0.4891968,0.4552307,0.512146,0.4760742,-0.006835938,-0.001953125,0,1,2,0
686.064,0.001011,0.109375,-0.1054688,0.1914062,-2.398438,-0.546875,-25.67188,-0.1015625,-0.03710938,0.1621094,-0.01757812,-0.05273438,0,0.002929688,0.008666992,-2.924561,0,0,-2.963501,0.4831543,3.386,0,0,0,0.5050049,nan,2,0.032,1,128,0.5645142,0.4129028,0.5652161,0.3900146,-0.006835938,-0.001953125,0,1,2,0
686.074,0.001036,-0.2832031,-0.3417969,0.1484375,1.914062,-1,3.546875,-0.1054688,-0.0859375,0.1484375,-0.01367188,-0.05078125,0,0.002197266,0.008422852,-2.922974,0,0,-2.963501,0.4873657,3.386,0,0,0,0.5100098,nan,2,0.007,1,128,0.542511,0.4590759,0.5055542,0.4423523,-0.006835938,-0.001953125,0,1,2,0
686.084,0.00105,-0.0859375,-0.009765625,0.1640625,0.265625,-4.234375,12.16406,-0.05078125,-0.046875,0.1464844,-0.009765625,-0.046875,0,0.001586914,0.00793457,-2.921509,0,0,-2.963501,0.4873657,3.386,0,0,0,0.5100098,nan,2,0.017,1,128,0.5303955,0.4356384,0.5519714,0.4314575,-0.006835938,-0.001953125,0,1,2,0
686.094,0.001012,-0.1933594,0,0.1210938,-4.132812,3.859375,19.71875,-0.09960938,-0.08203125,0.1484375,-0.005859375,-0.04296875,0,0.0009765625,0.007202148,-2.920044,0,0,-2.963501,0.4873657,3.386,0,0,0,0.5100098,nan,2,0.027,1,128,0.5399475,0.4425354,0.5157471,0.4512024,-0.006835938,-0.001953125,0,1,2,0
686.104,0.00102,-0.21875,-0.1621094,0.1816406,-0.015625,3.15625,4.5,-0.0859375,-0.01367188,0.1484375,-0.001953125,-0.04296875,0,0.0003662109,0.007080078,-2.918579,0,0,-2.963501,0.4873657,3.386,0,0,0,0.5100098,nan,2,0.037,1,128,0.5439453,0.4217834,0.5437622,0.4399719,-0.006835938,-0.001953125,0,1,2,0
686.114,0.001011,0.06640625,-0.01757812,0.1640625,4.179688,-1.546875,3.445312,-0.0078125,0.03710938,0.15625,0,-0.04101562,0,-0.0001220703,0.006958008,-2.917114,0,0,-2.963501,0.4873657,3.386,0,0,0,0.5100098,nan,2,0.047,1,128,0.5180664,0.4257507,0.5802612,0.4253845,-0.006835938,-0.001953125,0,1,2,0
686.124,0.001009,-0.0390625,0.0703125,0.1464844,-6.484375,-6.96875,27.16406,0.00390625,-0.015625,0.1484375,0.001953125,-0.04101562,0,-0.0003662109,0.006958008,-2.915527,0,0,-2.963501,0.4873657,3.386,0,0,0,0.5100098,nan,2,0.058,1,128,0.5099182,0.4631042,0.5336914,0.442749,-0.006835938,-0.001953125,0,1,2,0
686.134,0.001011,-0.3007812,0.1308594,0.15625,1.679688,8.59375,6.859375,-0.03125,0.1308594,0.1484375,0.00390625,-0.04492188,0,-0.0006103516,0.007446289,-2.914062,0,0,-2.963501,0.4873657,3.386,0,0,0,0.5100098,nan,2,0.068,1,128,0.5045471,0.4102478,0.5671692,0.4675293,-0.006835938,-0.002929688,0,1,2,0
686.144,0.001008,0.0234375,-0.1640625,0.1796875,9.078125,1.523438,6.632812,0.03515625,0.05273438,0.1679688,0.00390625,-0.05078125,0,-0.0006103516,0.008422852,-2.912476,0,0,-2.963501,0.4873657,3.283,0,0,0,0.5100098,nan,2,0.078,1,192,0.5383911,0.4305115,0.5752258,0.4053345,-0.006835938,-0.002929688,0,1,2,0
686.154,0.001011,0.125,-0.2832031,0.1445312,6.296875,1.921875,7.148438,0.0859375,-0.03320312,0.1503906,0,-0.05078125,0,0.0001220703,0.008666992,-2.911011,0,0,-2.963501,0.4873657,3.283,0,0,0,0.5100098,nan,2,0.087,1,192,0.5075684,0.4875183,0.5215759,0.4328308,-0.006835938,-0.002929688,0,1,2,0.7936508
686.164,0.001009,0.08789062,0.21875,0.1894531,0.1875,-3.453125,12.55469,0.1210938,0.0859375,0.1582031,-0.0078125,-0.0546875,0,0.001098633,0.009033203,-2.909546,0,0,-2.963501,0.4873657,3.283,0,0,0,0.5100098,nan,2,0.097,1,192,0.5148621,0.418396,0.5942993,0.4219055,-0.006835938,-0.002929688,0,1,2,0
686.174,0.001009,-0.0859375,0.1777344,0.1425781,-6.335938,-4.679688,15.76562,0.0234375,0.08007812,0.171875,-0.01171875,-0.05859375,0,0.001953125,0.009765625,-2.907837,0,0,-2.963501,0.4873657,3.283,0,0,0,0.5100098,nan,2,0.107,1,192,0.5325928,0.4150391,0.5545044,0.4473267,-0.006835938,-0.002929688,0,1,2,0
686.184,0.001009,0.015625,-0.1816406,0.1503906,7.257812,6.15625,12.46875,0.02539062,-0.00390625,0.1621094,-0.01367188,-0.06054688,0,0.002319336,0.01013184,-2.906128,0,0,-2.963501,0.4873657,3.283,0,0,0,0.5100098,nan,2,0.117,1,192,0.5167542,0.4597473,0.5295715,0.4434204,-0.006835938,-0.002929688,0,1,2,0
686.194,0.00101,0.08007812,0.2519531,0.2402344,-7.773438,-7.5,-17.76562,0.08203125,0.04101562,0.1796875,-0.01757812,-0.06054688,0,0.002929688,0.01025391,-2.904419,0,0,-2.963501,0.4873657,3.283,0,0,0,0.5100098,nan,2,0.127,1,192,0.5418091,0.3996277,0.6106262,0.3974304,-0.006835938,-0.002929688,0,1,2,0
686.204,0.001019,0.01757812,0.0546875,0.1523438,1.601562,0.46875,6.117188,-0.01757812,0.005859375,0.1621094,-0.01757812,-0.06054688,0,0.002929688,0.01013184,-2.90271,0,0,-2.963501,0.4873657,3.283,0,0,0,0.5100098,nan,2,0.137,1,192,0.5080872,0.446106,0.5392761,0.4559937,-0.006835938,-0.002929688,0,1,2,0
686.214,0.001012,-0.05078125,-0.03320312,0.1679688,2.25,1.492188,31.8125,-0.04492188,-0.06640625,0.1699219,-0.01367188,-0.05859375,0,0.002319336,0.009643555,-2.901123,0,0,-2.963501,0.4873657,3.283,0,0,0,0.5100098,nan,2,0.147,1,192,0.5433655,0.4336243,0.5527954,0.4197083,-0.006835938,-0.002929688,0,1,2,0
686.224,0.001009,-0.1230469,0.4355469,0.1210938,-10.28125,1.804688,-3.976562,-0.04882812,0.06445312,0.1484375,-0.01367188,-0.05664062,0,0.002197266,0.009277344,-2.899414,0,0,-2.963501,0.4873657,3.283,0,0,0,0.5100098,nan,2,0.158,1,192,0.4651184,0.4473877,0.526886,0.5100708,-0.006835938,-0.002929688,0,1,2,0
686.234,0.00103,0.0390625,0.2695312,0.1425781,-2.445312,-3.085938,7.570312,-0.1054688,-0.01171875,0.1601562,-0.005859375,-0.0546875,0,0.0008544922,0.009155273,-2.897827,0,0,-2.963501,0.4873657,3.283,0,0,0,0.5100098,nan,2,0.168,1,192,0.5231018,0.4343872,0.5476685,0.4443054,-0.006835938,-0.002929688,0,1,2,0
686.244,0.001009,-0.1054688,0.1152344,0.15625,-1.1875,8.234375,20.07031,-0.07421875,-0.02539062,0.1640625,0.001953125,-0.05273438,0,-0.0002441406,0.008789062,-2.896118,0,0,-2.963501,0.4873657,3.283,0,0,0,0.5100098,nan,2,0.178,1,192,0.519043,0.4427795,0.547699,0.4399414,-0.006835938,-0.002929688,0,1,2,0
686.253,0.001011,-0.1289062,0.1308594,0.1660156,-5.460938,5.1875,21.1875,-0.08984375,0.02539062,0.1777344,0.005859375,-0.05273438,0,-0.001098633,0.008911133,-2.894531,0,0,-2.963501,0.4873657,3.283,0,0,0,0.5100098,nan,2,0.187,1,192,0.541687,0.4076843,0.5688171,0.4312744,-0.006835938,-0.002929688,-0.0009765625,1,2,0
686.264,0.001009,-0.07617188,0.2402344,0.1386719,0.4453125,5.09375,22.35938,-0.08203125,0.1132812,0.1523438,0.01171875,-0.05664062,0,-0.001953125,0.009399414,-2.892944,0,0,-2.963501,0.4873657,3.283,0,0,0,0.5100098,nan,2,0.197,1,192,0.4796143,0.4415894,0.5361328,0.4921265,-0.006835938,-0.00390625,-0.0009765625,1,2,0
686.274,0.001009,0.1523438,-0.09570312,0.1679688,3.921875,-1.820312,11.86719,-0.03125,0.02929688,0.1660156,0.015625,-0.0625,0,-0.002685547,0.01025391,-2.891235,0,0,-2.963501,0.4873657,3.283,0,0,0,0.5100098,nan,2,0.207,1,192,0.5357361,0.4395752,0.5565186,0.4176331,-0.006835938,-0.00390625,-0.0009765625,1,2,0
686.284,0.00101,-0.1601562,-0.1171875,0.1503906,-1.617188,-1.03125,8.375,-0.05859375,-0.00390625,0.1699219,0.01757812,-0.06445312,0,-0.002929688,0.01074219,-2.889648,0,0,-2.963501,0.4873657,3.283,0,0,0,0.5100098,nan,2,0.217,1,192,0.548584,0.4326782,0.5364685,0.4317322,-0.006835938,-0.00390625,-0.0009765625,1,2,0
686.294,0.001024,-0.3808594,-0.1953125,0.1738281,0.1484375,3,21.39062,-0.09375,0.05859375,0.1523438,0.02148438,-0.06835938,0,-0.003662109,0.01147461,-2.888062,0,0,-2.963501,0.4873657,3.283,0,0,0,0.5100098,nan,2,0.227,1,192,0.5344238,0.4249268,0.5307312,0.4594116,-0.005859375,-0.00390625,-0.0009765625,1,2,0
686.304,0.001026,0.046875,-0.1328125,0.1503906,4.101562,-1.828125,-18.1875,0.0390625,0.04492188,0.1660156,0.0234375,-0.0703125,0,-0.00390625,0.01159668,-2.886475,0,0,-2.963501,0.4873657,3.283,0,0,0,0.5100098,nan,2,0,1,192,0.5089722,0.4330444,0.5851135,0.4223633,-0.005859375,-0.00390625,-0.0009765625,1,2,0
686.314,0.001007,0.34375,0.3554688,0.1503906,-2.125,-4.585938,15.67188,0.01953125,0.01757812,0.1582031,0.02539062,-0.06640625,0,-0.004150391,0.01098633,-2.884766,0,0,-2.963501,0.4873657,3.283,0,0,0,0.5100098,nan,2,0.01,1,192,0.4775085,0.449646,0.559082,0.4632263,-0.005859375,-0.00390625,-0.0009765625,1,2,0
686.324,0.000992,-0.2304688,0.00390625,0.1875,-1.09375,2.765625,13.17969,-0.1152344,-0.03125,0.1503906,0.03125,-0.06640625,0,-0.005126953,0.01098633,-2.883301,0,0,-2.963501,0.4873657,3.283,0,0,0,0.5100098,nan,2,0.02,1,192,0.5548706,0.4178772,0.537323,0.4393921,-0.005859375,-0.00390625,-0.0009765625,1,2,0
686.334,0.001009,-0.015625,-0.4492188,0.15625,9.625,1.484375,2.296875,-0.0078125,-0.1210938,0.1542969,0.03320312,-0.0625,0,-0.005615234,0.01049805,-2.881714,0,0,-2.963501,0.4873657,3.283,0,0,0,0.5100098,nan,2,0.03,1,192,0.5290222,0.4747009,0.5241699,0.4216003,-0.005859375,-0.00390625,-0.0009765625,1,2,0
686.344,0.001005,0.1503906,0.3085938,0.1777344,-7.765625,-3.132812,-0.9453125,0.0703125,-0.03320312,0.1640625,0.03320312,-0.05664062,0,-0.005493164,0.009399414,-2.880127,0,0,-2.963501,0.4873657,3.283,0,0,0,0.5100098,nan,2,0.04,1,192,0.5145264,0.4182434,0.5982361,0.418457,-0.005859375,-0.00390625,-0.0009765625,1,2,0
686.354,0.001006,-0.1347656,-0.1445312,0.1816406,4.351562,1.265625,5.492188,-0.02539062,-0.06835938,0.1582031,0.03320312,-0.05273438,0,-0.005615234,0.008911133,-2.878662,0,0,-2.963501,0.4915771,3.283,0,0,0,0.5150146,nan,2,0.007,1,192,0.5423279,0.4398804,0.5417175,0.4424133,-0.005859375,-0.00390625,-0.0009765625,1,2,0
686.364,0.001009,0.0859375,0.2773438,0.1289062,-12.42969,-2.164062,28.57812,-0.03125,-0.02734375,0.1582031,0.03710938,-0.04882812,0,-0.006225586,0.008178711,-2.877075,0,0,-2.963501,0.4915771,3.283,0,0,0,0.5150146,nan,2,0.017,1,192,0.5115051,0.4416199,0.5552979,0.4578857,-0.005859375,-0.00390625,-0.0009765625,1,2,0
686.374,0.001009,0.0390625,-0.3105469,0.1308594,6.890625,3.828125,12.57031,0.05664062,-0.1230469,0.1464844,0.03515625,-0.04492188,0,-0.005859375,0.007446289,-2.87561,0,0,-2.963501,0.4915771,3.283,0,0,0,0.5150146,nan,2,0.027,1,192,0.519043,0.4854126,0.521759,0.440094,-0.005859375,-0.00390625,-0.0009765625,1,2,0
686.384,0.000989,0.1875,-0.06835938,0.1933594,1.390625,0.9375,5.140625,0.1210938,-0.0703125,0.1582031,0.02929688,-0.0390625,0,-0.004882812,0.006591797,-2.874023,0,0,-2.963501,0.4915771,3.283,0,0,0,0.5150146,nan,2,0.037,1,192,0.5298157,0.443634,0.5748596,0.4179688,-0.005859375,-0.00390625,-0.0009765625,1,2,0
686.394,0.001008,0.07226562,-0.03125,0.1640625,-8.148438,-0.6015625,18.23438,0.0703125,-0.1425781,0.1679688,0.0234375,-0.03125,0,-0.00402832,0.005249023,-2.872314,0,0,-2.963501,0.4915771,3.283,0,0,0,0.5150146,nan,2,0.047,1,192,0.548584,0.4464111,0.5490723,0.4222717,-0.005859375,-0.00390625,-0.0009765625,1,2,0
686.404,0.001014,0.2675781,-0.1933594,0.1171875,6.90625,3.84375,33.75,0.1601562,-0.125,0.1367188,0.015625,-0.0234375,0,-0.002685547,0.00390625,-2.87085,0,0,-2.963501,0.4915771,3.283,0,0,0,0.5150146,nan,2,0.058,1,192,0.4874878,0.4975281,0.5328369,0.4484558,-0.005859375,-0.00390625,-0.0009765625,1,2,0
686.414,0.001008,0.1054688,0.04101562,0.1699219,-8.070312,-0.15625,-1.96875,0.1054688,-0.0703125,0.1660156,0.0078125,-0.01757812,0,-0.001342773,0.002807617,-2.869263,0,0,-2.963501,0.4915771,3.283,0,0,0,0.5150146,nan,2,0.068,1,192,0.5465393,0.4211731,0.5769043,0.4216919,-0.005859375,-0.00390625,-0.0009765625,1,2,0
686.424,0.001009,0.05078125,-0.08007812,0.1386719,2.609375,3.03125,2.84375,0.04882812,-0.07421875,0.1464844,0.00390625,-0.01171875,0,-0.0007324219,0.001831055,-2.867676,0,0,-2.963501,0.4915771,3.283,0,0,0,0.5150146,nan,2,0.078,1,192,0.5145874,0.4608154,0.5358582,0.4550476,-0.005859375,-0.00390625,-0.0009765625,1,2,0
686.434,0.001009,-0.09570312,-0.015625,0.1308594,-2.078125,6.617188,10.72656,0.05273438,-0.08203125,0.1542969,0,-0.005859375,0,-0.0001220703,0.0008544922,-2.866211,0,0,-2.963501,0.4915771,3.283,0,0,0,0.5150146,nan,2,0.088,1,192,0.5328979,0.4479675,0.5489197,0.4364929,-0.005859375,-0.002929688,-0.0009765625,1,2,0
686.444,0.001009,-0.078125,-0.03125,0.1425781,1.484375,-0.3828125,10.47656,-0.01367188,-0.02929688,0.1425781,0,-0.001953125,0,0.0001220703,0.0003662109,-2.864624,0,0,-2.963501,0.4915771,3.283,0,0,0,0.5150146,nan,2,0.098,1,192,0.5177612,0.4534302,0.5241699,0.4709473,-0.005859375,-0.002929688,-0.0009765625,1,2,0
686.453,0.000996,0.05078125,0.1074219,0.1289062,2.382812,5.734375,8.460938,-0.001953125,-0.015625,0.1445312,0,0,0,0,0,-2.863403,0,0,-2.963501,0.4915771,3.283,0,0,0,0.5150146,nan,2,0.107,1,192,0.5193787,0.4470215,0.5496521,0.4502563,-0.005859375,-0.002929688,-0.0009765625,1,2,0
686.464,0.00101,0.2714844,-0.1503906,0.1914062,3.726562,-2.554688,11.44531,0.046875,-0.1171875,0.15625,0,0.00390625,0,0.0001220703,-0.0006103516,-2.861938,0,0,-2.963501,0.4915771,3.283,0,0,0,0.5150146,nan,2,0.117,1,192,0.554718,0.4573975,0.5615234,0.3926697,-0.005859375,-0.002929688,-0.0009765625,1,2,0
686.474,0.00101,-0.1445312,-0.0234375,0.1347656,-4.03125,1.53125,3.234375,-0.05273438,-0.0859375,0.1542969,0,0.0078125,0,0,-0.001342773,-2.860352,0,0,-2.963501,0.4915771,3.283,0,0,0,0.5150146,nan,2,0.127,1,192,0.5493469,0.4447937,0.5278931,0.4442749,-0.005859375,-0.002929688,-0.0009765625,1,2,0
686.484,0.00101,-0.09375,0.2089844,0.1972656,-4.46875,1.726562,39.07031,-0.1269531,0.0390625,0.1582031,0.005859375,0.0078125,0,-0.001098633,-0.001464844,-2.858887,0,0,-2.963501,0.4915771,3.283,0,0,0,0.5150146,nan,2,0.137,1,192,0.5644531,0.387146,0.5812683,0.4334717,-0.005859375,-0.002929688,-0.0009765625,1,2,0
686.494,0.001017,0.03320312,-0.2441406,0.15625,5.132812,3.34375,-5.242188,-0.1230469,-0.09960938,0.1464844,0.01367188,0.009765625,0,-0.002319336,-0.001586914,-2.8573,0,0,-2.963501,0.4915771,3.283,0,0,0,0.5150146,nan,2,0.147,1,192,0.5431824,0.4826355,0.4928284,0.4476624,-0.005859375,-0.002929688,-0.0009765625,1,2,0
686.504,0.001015,0.05664062,0.02539062,0.1679688,-5.242188,-2.914062,-0.9453125,-0.01757812,-0.08398438,0.1542969,0.015625,0.01367188,0,-0.002685547,-0.002197266,-2.855713,0,0,-2.963501,0.4915771,3.283,0,0,0,0.5150146,nan,2,0.158,1,192,0.5400391,0.4551392,0.5480347,0.4230957,-0.005859375,-0.002929688,-0.0009765625,1,2,0
686.514,0.001011,-0.1757812,0.015625,0.1425781,-0.09375,0.765625,22.53125,-0.06054688,-0.02539062,0.1582031,0.01757812,0.015625,0,-0.002929688,-0.002685547,-2.854126,0,0,-2.963501,0.4915771,3.283,0,0,0,0.5150146,nan,2,0.168,1,192,0.5404968,0.4340515,0.5366821,0.4550781,-0.005859375,-0.002929688,-0.0009765625,1,2,0
686.524,0.001008,-0.078125,-0.1816406,0.1445312,1.921875,2.070312,12.64844,-0.046875,-0.09960938,0.1601562,0.01953125,0.01953125,0,-0.003295898,-0.003295898,-2.852539,0,0,-2.963501,0.4915771,3.283,0,0,0,0.5150146,nan,2,0.178,1,192,0.5559082,0.451416,0.527771,0.4312134,-0.005859375,-0.002929688,-0.0009765625,1,2,0
686.534,0.001007,0.046875,-0.07617188,0.1601562,2.351562,-7.828125,6.328125,-0.01171875,-0.05273438,0.1601562,0.02148438,0.0234375,0,-0.003540039,-0.00378418,-2.850952,0,0,-2.963501,0.4915771,3.283,0,0,0,0.5150146,nan,2,0.188,1,192,0.5403137,0.4498596,0.5460815,0.4300842,-0.005859375,-0.002929688,-0.0009765625,1,2,0
686.544,0.00101,0.02148438,0.01953125,0.1425781,-4.421875,-1.382812,23.39844,0.009765625,0.02148438,0.15625,0.01953125,0.02148438,0,-0.003417969,-0.003662109,-2.849243,0,0,-2.963501,0.4915771,3.283,0,0,0,0.5150146,nan,2,0.198,1,192,0.5160828,0.4538574,0.5401917,0.4561768,-0.005859375,-0.002929688,-0.0009765625,1,2,0
686.554,0.001022,0.08007812,0.06640625,0.1816406,-3.34375,-6.101562,19.13281,0.005859375,-0.03710938,0.1660156,0.01953125,0.0234375,0,-0.003417969,-0.00378418,-2.847778,0,0,-2.963501,0.4957886,3.283,0,0,0,0.5200195,nan,2,0.005,1,192,0.558197,0.4465332,0.5584412,0.4199829,-0.005859375,-0.002929688,-0.0009765625,1,2,0
686.564,0.001015,0.0078125,0.06445312,0.1621094,-4.460938,4.65625,4.882812,0.05273438,0,0.1777344,0.01953125,0.0234375,0,-0.003173828,-0.00402832,-2.846069,0,0,-2.963501,0.4957886,3.283,0,0,0,0.5200195,nan,2,0.015,1,192,0.5451965,0.4348145,0.5805969,0.4225769,-0.005859375,-0.002929688,-0.0009765625,1,2,0
686.574,0.001011,0.1113281,0.01953125,0.1523438,5.195312,-0.8671875,12.96875,0.02929688,0.1113281,0.15625,0.015625,0.01953125,0,-0.002685547,-0.003417969,-2.84436,0,0,-2.963501,0.4957886,3.283,0,0,0,0.5200195,nan,2,0.025,1,192,0.497345,0.4590759,0.544342,0.4823914,-0.005859375,-0.002929688,-0.0009765625,1,2,0
686.584,0.001009,0.2832031,0.0078125,0.1933594,-0.4921875,-2.671875,11.71875,0.1054688,0.07226562,0.1640625,0.01367188,0.01367188,0,-0.002319336,-0.002319336,-2.842773,0,0,-2.963501,0.4957886,3.283,0,0,0,0.5200195,nan,2,0.035,1,192,0.5338135,0.454895,0.5849304,0.4095154,-0.005859375,-0.002929688,-0.0009765625,1,2,0
686.594,0.001009,-0.078125,0.1542969,0.1679688,-3.914062,3.328125,14.03125,0.07421875,0.07421875,0.1796875,0.0078125,0.0078125,0,-0.001220703,-0.001464844,-2.841064,0,0,-2.963501,0.4957886,3.283,0,0,0,0.5200195,nan,2,0.045,1,192,0.5597534,0.421936,0.5820312,0.4194336,-0.005859375,-0.002929688,-0.0009765625,1,2,0
686.604,0.001008,-0.07226562,0.078125,0.171875,2.375,0.625,19.42969,-0.03515625,0.1191406,0.1660156,0.005859375,0.00390625,0,-0.0009765625,-0.0004882812,-2.839355,0,0,-2.963501,0.4957886,3.283,0,0,0,0.5200195,nan,2,0.056,1,192,0.5294189,0.4319763,0.5427856,0.4790039,-0.005859375,-0.002929688,-0.0009765625,1,2,0
686.614,0.001008,0.0859375,-0.04101562,0.171875,-1.359375,-1.015625,-3.351562,-0.01953125,0.08203125,0.171875,0.0078125,-0.00390625,0,-0.001464844,0.0006103516,-2.837646,0,0,-2.963501,0.4957886,3.283,0,0,0,0.5200195,nan,2,0.066,1,192,0.5455322,0.4424133,0.5646973,0.430542,-0.005859375,-0.002929688,-0.0009765625,1,2,0
686.624,0.001007,0.07617188,0.3261719,0.171875,-3.617188,1.453125,10.71094,0.01367188,0.1015625,0.1640625,0.009765625,-0.0078125,0,-0.001586914,0.001342773,-2.835938,0,0,-2.963501,0.4957886,3.283,0,0,0,0.5200195,nan,2,0.076,1,192,0.519989,0.4371643,0.5787354,0.4472656,-0.005859375,-0.002929688,-0.0009765625,1,2,0
686.634,0.001009,0.02539062,0.09765625,0.1542969,2.398438,-0.390625,17.65625,-0.06835938,0.08984375,0.1601562,0.01367188,-0.01367188,0,-0.002319336,0.002197266,-2.834351,0,0,-2.963501,0.4957886,3.283,0,0,0,0.5200195,nan,2,0.086,1,192,0.5273743,0.4404907,0.5543213,0.4609375,-0.005859375,-0.002929688,-0.0009765625,1,2,0
686.644,0.001011,-0.1796875,0.4121094,0.2011719,-0.0390625,1.085938,-6.304688,-0.1582031,0.2148438,0.1503906,0.0234375,-0.02148438,0,-0.00378418,0.003540039,-2.832764,0,0,-2.963501,0.4957886,3.283,0,0,0,0.5200195,nan,2,0.096,1,192,0.5123901,0.4064941,0.5684204,0.4958496,-0.005859375,-0.00390625,-0.0009765625,1,2,0
686.653,0.001003,0.3203125,0.4335938,0.1953125,-0.9296875,1.828125,12.89844,-0.0390625,0.1015625,0.1777344,0.02929688,-0.02734375,0,-0.004882812,0.004516602,-2.831177,0,0,-2.963501,0.4957886,3.283,0,0,0,0.5200195,nan,2,0.105,1,192,0.5311584,0.4329529,0.598114,0.4209595,-0.005859375,-0.00390625,-0.0009765625,1,2,0
686.664,0.001069,-0.15625,-0.01367188,0.1835938,1.34375,-4.273438,4.5625,-0.1074219,0.0703125,0.1679688,0.03515625,-0.03320312,0,-0.005737305,0.005493164,-2.82959,0,0,-2.963501,0.4957886,3.283,0,0,0,0.5200195,nan,2,0.115,1,192,0.5568237,0.4264221,0.5495605,0.4503479,-0.005859375,-0.00390625,-0.0009765625,1,2,0
686.674,0.001005,0.02539062,0.375,0.1171875,-5.484375,1.4375,13.9375,-0.1210938,0.1640625,0.1582031,0.04296875,-0.0390625,0,-0.007080078,0.006591797,-2.827881,0,0,-2.963501,0.4957886,3.283,0,0,0,0.5200195,nan,2,0.125,1,192,0.5006714,0.4344177,0.5553894,0.4926758,-0.004882812,-0.00390625,-0.0009765625,1,2,0
686.684,0.001005,0.3515625,0.3359375,0.2128906,0.453125,3.46875,16.07031,-0.0390625,0.03515625,0.1738281,0.04882812,-0.04296875,0,-0.008178711,0.007324219,-2.826172,0,0,-2.963501,0.4957886,3.283,0,0,0,0.5200195,nan,2,0.135,1,192,0.5441589,0.437439,0.5821533,0.4194031,-0.004882812,-0.00390625,-0.0009765625,1,2,0
686.694,0.001009,-0.1132812,-0.15625,0.1445312,2.695312,-2.203125,-3.140625,-0.0625,-0.009765625,0.1503906,0.05078125,-0.04492188,0,-0.008544922,0.00769043,-2.824585,0,0,-2.963501,0.4957886,3.283,0,0,0,0.5200195,nan,2,0.145,1,192,0.5291138,0.4683228,0.5118103,0.473938,-0.004882812,-0.00390625,-0.0009765625,1,2,0
686.704,0.00101,0.2089844,0.3789062,0.1289062,-8.28125,-4.5,30.57031,0.009765625,0.09375,0.15625,0.05273438,-0.046875,0,-0.008911133,0.00793457,-2.82312,0,0,-2.963501,0.4957886,3.283,0,0,0,0.5200195,nan,2,0.156,1,192,0.5088806,0.4265137,0.5916138,0.4561462,-0.004882812,-0.00390625,-0.0009765625,1,2,0
686.714,0.001008,0.3085938,0.06445312,0.1601562,4.03125,6,16.67188,0.05078125,-0.04101562,0.1542969,0.05273438,-0.046875,0,-0.008911133,0.00793457,-2.821411,0,0,-2.963501,0.4957886,3.283,0,0,0,0.5200195,nan,2,0.166,1,192,0.5136108,0.4848938,0.5396118,0.4450378,-0.004882812,-0.00390625,-0.0009765625,1,2,0
686.724,0.001012,0.1347656,-0.06835938,0.1328125,2.632812,-1.695312,-2.382812,0.125,0.009765625,0.1367188,0.04882812,-0.04882812,0,-0.008178711,0.008056641,-2.819946,0,0,-2.963501,0.4957886,3.283,0,0,0,0.5200195,nan,2,0.176,1,192,0.4906311,0.4845276,0.5466919,0.4613037,-0.004882812,-0.00390625,-0.0009765625,1,2,0
686.734,0.001011,0.15625,-0.01953125,0.1601562,0.734375,5.765625,-9.257812,0.1269531,-0.01953125,0.1484375,0.04101562,-0.046875,0,-0.006958008,0.0078125,-2.818481,0,0,-2.963501,0.4957886,3.283,0,0,0,0.5200195,nan,2,0.186,1,192,0.5340881,0.4435425,0.5779114,0.4276123,-0.004882812,-0.00390625,-0.0009765625,1,2,0
686.744,0.001014,0.4902344,0.2050781,0.15625,-7.3125,-4.304688,4.257812,0.2128906,-0.04296875,0.1484375,0.03320312,-0.04296875,0,-0.005493164,0.007202148,-2.817017,0,0,-2.963501,0.4957886,3.283,0,0,0,0.5200195,nan,2,0.196,1,192,0.5022583,0.4725952,0.5831299,0.4251709,-0.004882812,-0.00390625,-0.0009765625,1,2,0
686.753,0.000966,0.2539062,0.001953125,0.1289062,-0.0390625,-3.570312,-3.75,0.2070312,-0.0234375,0.1308594,0.02148438,-0.04101562,0,-0.003662109,0.006713867,-2.815796,0,0,-2.963501,0.4957886,3.283,0,0,0,0.5200195,nan,2,0.007,1,192,0.4934387,0.4780884,0.5537109,0.4579163,-0.004882812,-0.00390625,-0.0009765625,1,2,0
686.764,0.00097,0.2460938,0.009765625,0.1132812,-7.007812,-3.421875,29.53125,0.1699219,-0.08007812,0.1230469,0.01171875,-0.03710938,0,-0.001953125,0.006225586,-2.814453,0,0,-2.963501,0.4957886,3.283,0,0,0,0.5200195,nan,2,0.017,1,192,0.5137024,0.4832153,0.5397339,0.4465027,-0.005859375,-0.00390625,-0.0009765625,1,2,0
686.774,0.001003,0.046875,-0.234375,0.1367188,4.648438,9.09375,10.16406,0.1328125,-0.1738281,0.1269531,0.001953125,-0.03125,0,-0.0002441406,0.005126953,-2.813232,0,0,-2.963501,0.4957886,3.283,0,0,0,0.5200195,nan,2,0.027,1,192,0.5508118,0.4796143,0.5265808,0.426178,-0.005859375,-0.00390625,-0.0009765625,1,2,0
686.784,0.001005,0.2148438,-0.0546875,0.1210938,-5.382812,-4.757812,0.3828125,0.1796875,-0.0859375,0.1328125,-0.009765625,-0.0234375,0,0.001831055,0.00402832,-2.81189,0,0,-2.963501,0.4957886,3.283,0,0,0,0.5200195,nan,2,0.037,1,192,0.5101624,0.4743652,0.5503845,0.4482727,-0.005859375,-0.00390625,-0.0009765625,1,2,0
686.794,0.001015,0.1601562,-0.3261719,0.1328125,7.554688,-0.171875,9.671875,0.1621094,-0.09375,0.1230469,-0.02148438,-0.01953125,0,0.003417969,0.003295898,-2.810547,0,0,-2.963501,0.4957886,3.262,0,0,0,0.5200195,nan,2,0.047,1,192,0.5125427,0.4902039,0.5358887,0.444519,-0.005859375,-0.00390625,-0.0009765625,1,2,0
686.804,0.000998,-0.0234375,0.1054688,0.1347656,-5.148438,0.1015625,9.1875,0.1015625,-0.109375,0.1210938,-0.02929688,-0.01367188,0,0.004760742,0.002197266,-2.809448,0,0,-2.963501,0.4957886,3.262,0,0,0,0.5200195,nan,2,0.058,1,192,0.5372009,0.45755,0.5507812,0.4375916,-0.005859375,-0.00390625,-0.0009765625,1,2,0
686.814,0.001002,0.08984375,-0.09960938,0.1308594,-3.0625,-2.5,12.17188,0.07226562,-0.0859375,0.1464844,-0.03320312,-0.0078125,0,0.005493164,0.001098633,-2.807983,0,0,-2.963501,0.4957886,3.262,0,0,0,0.5200195,nan,2,0.068,1,192,0.5409546,0.4470825,0.5643311,0.4307861,-0.005859375,-0.00390625,-0.0009765625,1,2,0
686.824,0.001004,0.1230469,-0.2910156,0.1523438,8.859375,6.421875,3.875,0.09960938,-0.09765625,0.1367188,-0.0390625,-0.001953125,0,0.006469727,0.0003662109,-2.806641,0,0,-2.963501,0.4957886,3.262,0,0,0,0.5200195,nan,2,0.078,1,192,0.5264282,0.479187,0.54776,0.4297791,-0.005859375,-0.00390625,-0.0009765625,1,2,0
686.834,0.000963,0.06445312,-0.04296875,0.1035156,4.875,6.09375,31.54688,0.1054688,-0.046875,0.125,-0.04492188,0.00390625,0,0.007446289,-0.0007324219,-2.805298,0,0,-2.963501,0.4957886,3.262,0,0,0,0.5200195,nan,2,0.088,1,192,0.4937744,0.4792786,0.5483704,0.4617615,-0.006835938,-0.00390625,-0.0009765625,1,2,0
686.844,0.00102,0.1621094,0.1464844,0.1894531,-7.851562,-4,-13.57031,0.05664062,0.01171875,0.1601562,-0.05078125,0.00390625,0,0.008422852,-0.0007324219,-2.803833,0,0,-2.963501,0.4957886,3.262,0,0,0,0.5200195,nan,2,0.098,1,192,0.5653992,0.4126892,0.5917358,0.4133301,-0.006835938,-0.00390625,-0.0009765625,1,2,0
686.854,0.001017,-0.08984375,-0.00390625,0.1171875,1.085938,0.4609375,-9.296875,0,0.05273438,0.1054688,-0.05078125,0.001953125,0,0.008544922,-0.0004882812,-2.802734,0,0,-2.963501,0.4873657,3.262,0,0,0,0.5100098,nan,2,0.005,1,192,0.4582825,0.4899597,0.4988098,0.5024109,-0.006835938,-0.00390625,-0.0009765625,1,2,0
686.864,0.001041,0.2148438,0.2324219,0.1308594,-4.398438,-2.757812,13.48438,-0.01171875,0.03125,0.1445312,-0.04882812,0.00390625,0,0.008056641,-0.0006103516,-2.801392,0,0,-2.963501,0.4873657,3.262,0,0,0,0.5100098,nan,2,0.015,1,192,0.5224609,0.4256897,0.57724,0.4240723,-0.006835938,-0.00390625,-0.0009765625,1,2,0
686.874,0.001008,-0.1992188,-0.08789062,0.1601562,6.953125,5.1875,8.890625,-0.1074219,-0.001953125,0.1503906,-0.04492188,0.001953125,0,0.007568359,-0.0002441406,-2.799805,0,0,-2.963501,0.4873657,3.262,0,0,0,0.5100098,nan,2,0.025,1,192,0.5507507,0.4318848,0.5272217,0.4396057,-0.006835938,-0.00390625,-0.0009765625,1,2,0
686.884,0.001007,-0.1835938,0.3320312,0.1308594,-7.992188,-3.28125,9.140625,-0.1523438,0.1523438,0.1367188,-0.0390625,-0.00390625,0,0.006347656,0.0008544922,-2.79834,0,0,-2.963501,0.4873657,3.262,0,0,0,0.5100098,nan,2,0.035,1,192,0.5008545,0.4248047,0.5319214,0.4918518,-0.006835938,-0.00390625,-0.0009765625,1,2,0
686.894,0.0009860001,-0.1054688,-0.1445312,0.1425781,6.09375,-0.328125,-0.2578125,-0.125,0.078125,0.1425781,-0.02929688,-0.01171875,0,0.005004883,0.001953125,-2.796997,0,0,-2.963501,0.4873657,3.262,0,0,0,0.5100098,nan,2,0.045,1,192,0.5366211,0.4329834,0.5474548,0.4324036,-0.006835938,-0.00390625,-0.001953125,1,2,0
686.904,0.001007,-0.1347656,0.01367188,0.2207031,3.664062,-2.265625,7.546875,-0.1054688,0.04882812,0.1875,-0.0234375,-0.015625,0,0.00390625,0.002563477,-2.795288,0,0,-2.963501,0.4747314,3.262,0,0,0,0.4949951,nan,2,0.005,1,192,0.5699158,0.3710632,0.5805969,0.3773804,-0.006835938,-0.00390625,-0.001953125,1,2,0
686.914,0.001019,-0.2402344,0.203125,0.15625,-10.33594,-4.375,8.289062,-0.1777344,0.015625,0.171875,-0.01367188,-0.015625,0,0.002319336,0.002685547,-2.793457,0,0,-2.963501,0.4747314,3.262,0,0,0,0.4949951,nan,2,0.015,1,192,0.5204163,0.4153137,0.5144958,0.4487305,-0.005859375,-0.00390625,-0.001953125,1,2,0
686.924,0.001007,-0.1230469,-0.2890625,0.1425781,8.53125,7.898438,32.07812,-0.1347656,-0.06640625,0.1601562,-0.00390625,-0.015625,0,0.0007324219,0.002441406,-2.79187,0,0,-2.963501,0.4747314,3.262,0,0,0,0.4949951,nan,2,0.025,1,192,0.5143433,0.4544983,0.4967957,0.4333191,-0.005859375,-0.00390625,-0.001953125,1,2,0
686.934,0.001007,-0.4257812,-0.3789062,0.1757812,4.085938,1.84375,12.40625,-0.2070312,-0.08007812,0.1835938,0.005859375,-0.01367188,0,-0.0008544922,0.002197266,-2.789917,0,0,-2.963501,0.4747314,3.262,0,0,0,0.4949951,nan,2,0.035,1,192,0.5622864,0.4103394,0.5018005,0.4244995,-0.005859375,-0.00390625,-0.001953125,1,2,0
686.943,0.001059,-0.1738281,-0.001953125,0.2011719,-3.046875,1.820312,2.9375,-0.140625,-0.08789062,0.1835938,0.01367188,-0.0078125,0,-0.002197266,0.001342773,-2.78833,0,0,-2.963501,0.4747314,3.262,0,0,0,0.4949951,nan,2,0.044,1,192,0.5502319,0.401825,0.5457458,0.401123,-0.005859375,-0.00390625,-0.001953125,1,2,0
686.954,0.001023,-0.01367188,-0.2363281,0.1640625,3.25,-1.609375,19.5625,-0.09570312,-0.1582031,0.1816406,0.02148438,0,0,-0.003540039,0,-2.786499,0,0,-2.963501,0.4747314,3.262,0,0,0,0.4949951,nan,2,0.055,1,192,0.5264587,0.4507141,0.507782,0.4140015,-0.005859375,-0.00390625,-0.001953125,1,2,0
686.964,0.001017,-0.09375,-0.1171875,0.1875,-1.1875,2.101562,1.179688,-0.06445312,-0.06445312,0.1894531,0.02734375,0.0078125,0,-0.004516602,-0.001342773,-2.784546,0,0,-2.963501,0.47052,3.262,0,0,0,0.4899902,nan,2,0.001,1,192,0.5174255,0.3986511,0.555542,0.4104919,-0.005859375,-0.00390625,-0.001953125,1,2,0
686.974,0.0009860001,0.06835938,0.08203125,0.1953125,-3.304688,3.164062,0.8671875,-0.08203125,-0.1386719,0.1972656,0.03515625,0.01757812,0,-0.005737305,-0.002929688,-2.782593,0,0,-2.963501,0.47052,3.262,0,0,0,0.4899902,nan,2,0.011,1,192,0.5318298,0.4126282,0.5398254,0.3978577,-0.004882812,-0.00390625,-0.001953125,1,2,0
686.984,0.00103,-0.1425781,-0.296875,0.2402344,4.148438,-1.078125,1.5,-0.1171875,-0.1660156,0.203125,0.04101562,0.02734375,0,-0.006958008,-0.004638672,-2.780518,0,0,-2.963501,0.47052,3.262,0,0,0,0.4899902,nan,2,0.021,1,192,0.5611572,0.3984985,0.5308228,0.3916321,-0.004882812,-0.002929688,-0.001953125,1,2,0
686.994,0.001009,-0.1328125,-0.1484375,0.1796875,6.65625,-2.140625,5.109375,-0.0703125,-0.08007812,0.1933594,0.04882812,0.03515625,0,-0.008056641,-0.005981445,-2.778564,0,0,-2.963501,0.47052,3.262,0,0,0,0.4899902,nan,2,0.031,1,192,0.5119934,0.4158936,0.5340271,0.4201965,-0.004882812,-0.002929688,-0.001953125,1,2,0
687.004,0.001015,0.009765625,-0.01367188,0.2011719,-7.515625,-4.742188,35.63281,-0.03125,-0.1523438,0.2089844,0.05273438,0.04492188,0,-0.008666992,-0.007446289,-2.776489,0,0,-2.963501,0.47052,3.262,0,0,0,0.4899902,nan,2,0.041,1,192,0.5498657,0.4145203,0.5388184,0.3789368,-0.004882812,-0.002929688,-0.001953125,1,2,0
687.014,0.001007,-0.328125,-0.3046875,0.2167969,-0.0859375,7.882812,8.40625,-0.0390625,-0.140625,0.2070312,0.0546875,0.05273438,0,-0.009033203,-0.008789062,-2.774414,0,0,-2.963501,0.47052,3.262,0,0,0,0.4899902,nan,2,0.051,1,192,0.5538635,0.4054871,0.5279236,0.3948059,-0.004882812,-0.002929688,-0.001953125,1,2,0
687.024,0.00101,0.03515625,0.1386719,0.203125,-0.9921875,-0.703125,12.39844,-0.01367188,-0.02539062,0.2109375,0.05664062,0.06054688,0,-0.009277344,-0.01000977,-2.772217,0,0,-2.963501,0.47052,3.262,0,0,0,0.4899902,nan,2,0.062,1,192,0.5032654,0.4083862,0.5380554,0.4324036,-0.004882812,-0.002929688,-0.001953125,1,2,0
687.034,0.001009,0.1933594,0.06835938,0.2753906,-0.03125,-1.789062,24.76562,0.07617188,-0.08007812,0.2304688,0.0546875,0.06445312,0,-0.009155273,-0.01074219,-2.770142,0,0,-2.963501,0.47052,3.262,0,0,0,0.4899902,nan,2,0.072,1,192,0.5653076,0.387085,0.5926514,0.3370667,-0.004882812,-0.001953125,-0.001953125,1,2,0
687.043,0.001039,-0.05078125,-0.3457031,0.2324219,0.03125,-4.429688,15.99219,0,-0.1640625,0.2167969,0.05273438,0.0703125,0,-0.008789062,-0.01184082,-2.768066,0,0,-2.963501,0.47052,3.262,0,0,0,0.4899902,nan,2,0.081,1,192,0.5741882,0.4130249,0.5157471,0.3791504,-0.004882812,-0.001953125,-0.001953125,1,2,0
687.054,0.001011,0,0.234375,0.1953125,-7.539062,-1.03125,39.15625,-0.04492188,-0.01367188,0.2109375,0.05664062,0.07617188,0,-0.009277344,-0.01281738,-2.765747,0,0,-2.963501,0.47052,3.262,0,0,0,0.4899902,nan,2,0.092,1,192,0.5310059,0.3856506,0.5496521,0.415802,-0.004882812,-0.001953125,-0.001953125,1,2,0
687.063,0.001,-0.07226562,0.04492188,0.1894531,-0.1953125,0.125,4.242188,-0.01171875,-0.0234375,0.2148438,0.05664062,0.08007812,0,-0.009521484,-0.01318359,-2.763794,0,0,-2.963501,0.47052,3.262,0,0,0,0.4899902,nan,2,0.101,1,192,0.5263977,0.4143066,0.5326538,0.4087219,-0.004882812,-0.001953125,-0.001953125,1,2,0
687.074,0.001018,0.05664062,0.04492188,0.1953125,-3.929688,-5.117188,18.32812,0.0625,-0.001953125,0.2070312,0.05273438,0.08007812,0,-0.008911133,-0.01330566,-2.761719,0,0,-2.963501,0.47052,3.262,0,0,0,0.4899902,nan,2,0.005,1,192,0.5252686,0.415863,0.5379639,0.4030457,-0.004882812,-0.001953125,-0.001953125,1,2,0
687.084,0.001031,-0.02734375,-0.109375,0.1894531,4.203125,7.304688,9.015625,-0.00390625,-0.02539062,0.2207031,0.05273438,0.08203125,0,-0.008789062,-0.0135498,-2.759399,0,0,-2.963501,0.47052,3.262,0,0,0,0.4899902,nan,2,0.015,1,192,0.5457764,0.4066162,0.52771,0.4020081,-0.004882812,-0.001953125,-0.001953125,1,2,0
687.094,0.001051,-0.02539062,0.06054688,0.2382812,2.773438,-0.40625,-13.09375,0.005859375,0.08789062,0.2089844,0.05078125,0.078125,0,-0.008544922,-0.01306152,-2.757324,0,0,-2.963501,0.47052,3.262,0,0,0,0.4899902,nan,2,0.025,1,192,0.5253906,0.39505,0.5426941,0.4189758,-0.004882812,-0.001953125,-0.001953125,1,2,0
687.104,0.001012,0.02539062,0.1230469,0.2207031,-1.296875,0.5859375,-6.953125,0.02734375,0.07226562,0.21875,0.05078125,0.07421875,0,-0.008422852,-0.0123291,-2.755127,0,0,-2.963501,0.47052,3.262,0,0,0,0.4899902,nan,2,0.035,1,192,0.5325928,0.3990173,0.5524292,0.3980408,-0.004882812,-0.001953125,-0.001953125,1,2,0
687.114,0.00102,0.1796875,-0.1445312,0.2285156,0.265625,-6.703125,16.86719,0.02929688,0.02734375,0.2207031,0.05078125,0.0703125,0,-0.008422852,-0.01171875,-2.753052,0,0,-2.963501,0.47052,3.262,0,0,0,0.4899902,nan,2,0.045,1,192,0.5492859,0.4067383,0.5519104,0.3741455,-0.004882812,-0.001953125,-0.001953125,1,2,0
687.124,0.001009,0.005859375,-0.1347656,0.2265625,5.585938,-0.7421875,16.75,0.01367188,0.03125,0.2089844,0.04882812,0.06835938,0,-0.008300781,-0.01123047,-2.750854,0,0,-2.963501,0.47052,3.262,0,0,0,0.4899902,nan,2,0.056,1,192,0.5366821,0.4133301,0.5314026,0.4006653,-0.00390625,-0.001953125,-0.001953125,1,2,0
687.134,0.00101,-0.04296875,0.1523438,0.2109375,-1.273438,8.40625,12.09375,-0.009765625,0.00390625,0.21875,0.04882812,0.06640625,0,-0.008056641,-0.0111084,-2.748657,0,0,-2.963501,0.47052,3.262,0,0,0,0.4899902,nan,2,0.066,1,192,0.5474548,0.400116,0.5301514,0.4043884,-0.00390625,-0.001953125,-0.001953125,1,2,0
